"pair_id","guide_1","guide_2","cut_1","cut_2","deletion_bp","mean_score"
"pair_3375","spacer_201","spacer_243",7675136,7676090,954,0.802149111429161
"pair_3246","spacer_196","spacer_243",7675103,7676090,987,0.800577544561557
"pair_3218","spacer_196","spacer_201",7675103,7675136,33,0.793856288087739
"pair_3666","spacer_215","spacer_243",7675184,7676090,906,0.784663685332679
"pair_4159","spacer_243","spacer_268",7676090,7676169,79,0.784610927925615
"pair_3359","spacer_201","spacer_215",7675136,7675184,48,0.777942428858861
"pair_3230","spacer_196","spacer_215",7675103,7675184,81,0.776370861991257
"pair_1344","spacer_137","spacer_151",7673717,7673811,94,0.774642261731933
"pair_1345","spacer_137","spacer_152",7673717,7673824,107,0.770883284657507
"pair_3673","spacer_215","spacer_268",7675184,7676169,985,0.760404245355315
"pair_3501","spacer_207","spacer_243",7675153,7676090,937,0.760225719644625
"pair_2591","spacer_174","spacer_201",7674862,7675136,274,0.756729793644501
"pair_2586","spacer_174","spacer_196",7674862,7675103,241,0.755158226776897
"pair_4180","spacer_243","spacer_299",7676090,7676580,490,0.754596059126169
"pair_1104","spacer_125","spacer_137",7673577,7673717,140,0.752956723927541
"pair_4177","spacer_243","spacer_292",7676090,7676527,437,0.752730017734061
"pair_3223","spacer_196","spacer_207",7675103,7675153,50,0.751932896303203
"pair_2801","spacer_182","spacer_201",7674944,7675136,192,0.750119137305007
"pair_2796","spacer_182","spacer_196",7674944,7675103,159,0.748547570437403
"pair_2603","spacer_174","spacer_215",7674862,7675184,322,0.739244367548019
"pair_1337","spacer_137","spacer_144",7673717,7673769,52,0.736838310058185
"pair_3485","spacer_207","spacer_215",7675153,7675184,31,0.736019037074325
"pair_1334","spacer_137","spacer_140",7673717,7673745,28,0.7328247225448
"pair_2813","spacer_182","spacer_215",7674944,7675184,240,0.732633711208525
"pair_4344","spacer_268","spacer_299",7676169,7676580,411,0.730336619148805
"pair_4341","spacer_268","spacer_292",7676169,7676527,358,0.728470577756697
"pair_3996","spacer_231","spacer_243",7676037,7676090,53,0.725994092350891
"pair_3370","spacer_201","spacer_231",7675136,7676037,901,0.719272835877072
"pair_3002","spacer_189","spacer_201",7675057,7675136,79,0.719083100981332
"pair_3241","spacer_196","spacer_231",7675103,7676037,934,0.717701269009469
"pair_2997","spacer_189","spacer_196",7675057,7675103,46,0.717511534113728
"pair_4169","spacer_243","spacer_280",7676090,7676227,137,0.716965392263437
"pair_2596","spacer_174","spacer_207",7674862,7675153,291,0.714806401859964
"pair_1115","spacer_125","spacer_151",7673577,7673811,234,0.714262157438024
"pair_2572","spacer_174","spacer_182",7674862,7674944,82,0.711421075994165
"pair_1116","spacer_125","spacer_152",7673577,7673824,247,0.710503180363598
"pair_2806","spacer_182","spacer_207",7674944,7675153,209,0.708195745520471
"pair_4179","spacer_243","spacer_297",7676090,7676556,466,0.702436731367056
"pair_3661","spacer_215","spacer_231",7675184,7676037,853,0.701787409780591
"pair_4003","spacer_231","spacer_268",7676037,7676169,132,0.701734652373527
"pair_3014","spacer_189","spacer_215",7675057,7675184,127,0.70159767488485
"pair_914","spacer_120","spacer_137",7673563,7673717,154,0.698568207994204
"pair_4548","spacer_292","spacer_299",7676527,7676580,53,0.698455708957251
"pair_1450","spacer_144","spacer_151",7673769,7673811,42,0.698143743568668
"pair_4153","spacer_243","spacer_254",7676090,7676124,34,0.698135914870465
"pair_3352","spacer_200","spacer_243",7675131,7676090,959,0.696139695862005
"pair_1451","spacer_144","spacer_152",7673769,7673824,55,0.694384766494243
"pair_1372","spacer_140","spacer_151",7673745,7673811,66,0.694130156055283
"pair_1364","spacer_137","spacer_171",7673717,7674290,573,0.692888802734487
"pair_4333","spacer_268","spacer_280",7676169,7676227,58,0.692705952286073
"pair_3376","spacer_201","spacer_254",7675136,7676124,988,0.691414658396647
"pair_1373","spacer_140","spacer_152",7673745,7673824,79,0.690371178980857
"pair_3217","spacer_196","spacer_200",7675103,7675131,28,0.687846872520583
"pair_1342","spacer_137","spacer_149",7673717,7673783,66,0.687585570455205
"pair_838","spacer_118","spacer_137",7673537,7673717,180,0.685026748981421
"pair_1349","spacer_137","spacer_156",7673717,7674196,479,0.684439622065303
"pair_2474","spacer_171","spacer_201",7674290,7675136,846,0.683934316101433
"pair_1353","spacer_137","spacer_160",7673717,7674210,493,0.683857367370648
"pair_2469","spacer_171","spacer_196",7674290,7675103,813,0.68236274923383
"pair_1335","spacer_137","spacer_141",7673717,7673746,29,0.682243264718125
"pair_646","spacer_107","spacer_110",7670675,7670713,38,0.681698896795411
"pair_2579","spacer_174","spacer_189",7674862,7675057,195,0.680385039670489
"pair_3398","spacer_202","spacer_243",7675142,7676090,948,0.679229723137496
"pair_4343","spacer_268","spacer_297",7676169,7676556,387,0.678177291389692
"pair_4176","spacer_243","spacer_288",7676090,7676266,176,0.677510075663837
"pair_3496","spacer_207","spacer_231",7675153,7676037,884,0.677349444092536
"pair_3007","spacer_189","spacer_207",7675057,7675153,96,0.677159709196795
"pair_1108","spacer_125","spacer_144",7673577,7673769,192,0.676458205764276
"pair_4178","spacer_243","spacer_296",7676090,7676555,465,0.676393623441292
"pair_1757","spacer_156","spacer_201",7674196,7675136,940,0.675485135432249
"pair_2831","spacer_183","spacer_201",7674941,7675136,195,0.674963205171629
"pair_1961","spacer_160","spacer_201",7674210,7675136,926,0.674902880737594
"pair_3667","spacer_215","spacer_254",7675184,7676124,940,0.673929232300165
"pair_1752","spacer_156","spacer_196",7674196,7675103,907,0.673913568564645
"pair_4183","spacer_254","spacer_268",7676124,7676169,45,0.673876474893101
"pair_2789","spacer_182","spacer_189",7674944,7675057,113,0.673774383330996
"pair_4174","spacer_243","spacer_286",7676090,7676264,174,0.673652598662918
"pair_2826","spacer_183","spacer_196",7674941,7675103,162,0.673391638304026
"pair_1956","spacer_160","spacer_196",7674210,7675103,893,0.673331313869991
"pair_707","spacer_113","spacer_137",7673251,7673717,466,0.673003555361217
"pair_1105","spacer_125","spacer_140",7673577,7673745,168,0.67244461825089
"pair_3336","spacer_200","spacer_215",7675131,7675184,53,0.671933013291705
"pair_4024","spacer_231","spacer_299",7676037,7676580,543,0.671719783574081
"pair_3219","spacer_196","spacer_202",7675103,7675142,39,0.670936899796075
"pair_3303","spacer_198","spacer_243",7675125,7676090,965,0.67043147633075
"pair_4021","spacer_231","spacer_292",7676037,7676527,490,0.669853742181972
"pair_3962","spacer_230","spacer_243",7676040,7676090,50,0.668660246484127
"pair_2486","spacer_171","spacer_215",7674290,7675184,894,0.666448890004952
"pair_4158","spacer_243","spacer_261",7676090,7676143,53,0.66603629811875
"pair_3277","spacer_197","spacer_243",7675106,7676090,984,0.66595012300409
"pair_1357","spacer_137","spacer_164",7673717,7674234,517,0.664982977699327
"pair_3064","spacer_191","spacer_201",7675076,7675136,60,0.663989860361483
"pair_1174","spacer_129","spacer_137",7673598,7673717,119,0.66312396599936
"pair_4501","spacer_280","spacer_299",7676227,7676580,353,0.662691083486627
"pair_454","spacer_81","spacer_110",7669767,7670713,946,0.662427467563335
"pair_3059","spacer_191","spacer_196",7675076,7675103,27,0.662418293493879
"pair_3215","spacer_196","spacer_198",7675103,7675125,22,0.662138652989328
"pair_3369","spacer_201","spacer_230",7675136,7676040,904,0.661938990010309
"pair_4167","spacer_243","spacer_278",7676090,7676232,142,0.660840984821321
"pair_4498","spacer_280","spacer_292",7676227,7676527,300,0.660825042094518
"pair_3240","spacer_196","spacer_230",7675103,7676040,937,0.660367423142705
"pair_925","spacer_120","spacer_151",7673563,7673811,248,0.659873641504687
"pair_3249","spacer_197","spacer_201",7675106,7675136,30,0.659228866530271
"pair_1769","spacer_156","spacer_215",7674196,7675184,988,0.657999709335767
"pair_2843","spacer_183","spacer_215",7674941,7675184,243,0.657477779075147
"pair_1973","spacer_160","spacer_215",7674210,7675184,974,0.657417454641113
"pair_1365","spacer_140","spacer_144",7673745,7673769,24,0.656326204381535
"pair_952","spacer_121","spacer_137",7673559,7673717,158,0.656247100800611
"pair_926","spacer_120","spacer_152",7673563,7673824,261,0.656114664430261
"pair_316","spacer_73","spacer_107",7669709,7670675,966,0.656037701411841
"pair_2151","spacer_164","spacer_201",7674234,7675136,902,0.656028491066273
"pair_3382","spacer_202","spacer_215",7675142,7675184,42,0.655023040567196
"pair_2146","spacer_164","spacer_196",7674234,7675103,869,0.65445692419867
"pair_2513","spacer_172","spacer_201",7674863,7675136,273,0.65431111746477
"pair_1613","spacer_151","spacer_171",7673811,7674290,479,0.65419423624497
"pair_1338","spacer_137","spacer_145",7673717,7673772,55,0.653562888218179
"pair_4340","spacer_268","spacer_288",7676169,7676266,97,0.653250635686474
"pair_2508","spacer_172","spacer_196",7674863,7675103,240,0.652739550597166
"pair_1363","spacer_137","spacer_170",7673717,7674269,552,0.652339132893017
"pair_4342","spacer_268","spacer_296",7676169,7676555,386,0.652134183463929
"pair_4182","spacer_243","spacer_301",7676090,7676591,501,0.65190890200007
"pair_4171","spacer_243","spacer_283",7676090,7676254,164,0.651433262101557
"pair_2590","spacer_174","spacer_200",7674862,7675131,269,0.650720378077344
"pair_1630","spacer_152","spacer_171",7673824,7674290,466,0.650435259170544
"pair_3787","spacer_225","spacer_243",7675998,7676090,92,0.649544465427166
"pair_3502","spacer_207","spacer_254",7675153,7676124,971,0.649491266612111
"pair_4338","spacer_268","spacer_286",7676169,7676264,95,0.649393158685554
"pair_1555","spacer_149","spacer_151",7673783,7673811,28,0.648891003965687
"pair_4554","spacer_297","spacer_299",7676556,7676580,24,0.648162422590245
"pair_490","spacer_83","spacer_110",7669772,7670713,941,0.647993055901513
"pair_105","spacer_39","spacer_56",7667300,7667403,103,0.647663301120117
"pair_3329","spacer_200","spacer_207",7675131,7675153,22,0.64749504760365
"pair_1346","spacer_137","spacer_153",7673717,7673828,111,0.647332916301442
"pair_1350","spacer_137","spacer_157",7673717,7674200,483,0.646662166904626
"pair_3076","spacer_191","spacer_215",7675076,7675184,108,0.646504434265001
"pair_849","spacer_118","spacer_151",7673537,7673811,274,0.646332182491904
"pair_4547","spacer_292","spacer_297",7676527,7676556,29,0.646296381198137
"pair_3287","spacer_198","spacer_215",7675125,7675184,59,0.64622479376045
"pair_3157","spacer_194","spacer_201",7675079,7675136,57,0.645954984032736
"pair_1598","spacer_151","spacer_156",7673811,7674196,385,0.645745055575786
"pair_2449","spacer_171","spacer_174",7674290,7674862,572,0.645236254790591
"pair_1602","spacer_151","spacer_160",7673811,7674210,399,0.645162800881131
"pair_1556","spacer_149","spacer_152",7673783,7673824,41,0.645132026891262
"pair_3660","spacer_215","spacer_230",7675184,7676040,856,0.644453563913827
"pair_3969","spacer_230","spacer_268",7676040,7676169,129,0.644400806506763
"pair_3152","spacer_194","spacer_196",7675079,7675103,24,0.644383417165133
"pair_2800","spacer_182","spacer_200",7674944,7675131,187,0.64410972173785
"pair_4204","spacer_254","spacer_299",7676124,7676580,456,0.643861606093655
"pair_1400","spacer_141","spacer_151",7673746,7673811,65,0.643548698228608
"pair_2430","spacer_170","spacer_201",7674269,7675136,867,0.643384646259963
"pair_3025","spacer_189","spacer_231",7675057,7676037,980,0.642928081903061
"pair_3364","spacer_201","spacer_225",7675136,7675998,862,0.642823208953348
"pair_850","spacer_118","spacer_152",7673537,7673824,287,0.642573205417478
"pair_2479","spacer_171","spacer_207",7674290,7675153,863,0.642010924316897
"pair_4201","spacer_254","spacer_292",7676124,7676527,403,0.641995564701547
"pair_1615","spacer_152","spacer_156",7673824,7674196,372,0.64198607850136
"pair_3672","spacer_215","spacer_261",7675184,7676143,959,0.64182961554845
"pair_2425","spacer_170","spacer_196",7674269,7675103,834,0.641813079392359
"pair_4303","spacer_261","spacer_268",7676143,7676169,26,0.641776858141386
"pair_3261","spacer_197","spacer_215",7675106,7675184,78,0.64174344043379
"pair_1619","spacer_152","spacer_160",7673824,7674210,386,0.641403823806705
"pair_3235","spacer_196","spacer_225",7675103,7675998,895,0.641251642085744
"pair_1401","spacer_141","spacer_152",7673746,7673824,78,0.639789721154182
"pair_3373","spacer_201","spacer_241",7675136,7676088,952,0.639143222673993
"pair_2947","spacer_187","spacer_201",7674960,7675136,176,0.638953314615909
"pair_2455","spacer_171","spacer_182",7674290,7674944,654,0.638625598451097
"pair_2163","spacer_164","spacer_215",7674234,7675184,950,0.638543064969792
"pair_1809","spacer_157","spacer_201",7674200,7675136,936,0.637707680271573
"pair_3244","spacer_196","spacer_241",7675103,7676088,985,0.63757165580639
"pair_2942","spacer_187","spacer_196",7674960,7675103,143,0.637381747748305
"pair_2525","spacer_172","spacer_215",7674863,7675184,321,0.636825691368288
"pair_1732","spacer_156","spacer_174",7674196,7674862,666,0.636787074121407
"pair_296","spacer_73","spacer_81",7669709,7669767,58,0.636766272179765
"pair_4331","spacer_268","spacer_278",7676169,7676232,63,0.636581544843958
"pair_2573","spacer_174","spacer_183",7674862,7674941,79,0.636265143860787
"pair_1936","spacer_160","spacer_174",7674210,7674862,652,0.636204819426752
"pair_1804","spacer_157","spacer_196",7674200,7675103,903,0.636136113403969
"pair_1359","spacer_137","spacer_166",7673717,7674238,521,0.636040264946552
"pair_318","spacer_73","spacer_111",7669709,7670708,999,0.635292194002662
"pair_876","spacer_119","spacer_137",7673559,7673717,158,0.634532297308095
"pair_718","spacer_113","spacer_151",7673251,7673811,560,0.6343089888717
"pair_4013","spacer_231","spacer_280",7676037,7676227,190,0.634089116711348
"pair_2592","spacer_174","spacer_202",7674862,7675142,280,0.633810405352836
"pair_1354","spacer_137","spacer_161",7673717,7674221,504,0.63366197478373
"pair_1762","spacer_156","spacer_207",7674196,7675153,957,0.633561743647713
"pair_2889","spacer_185","spacer_201",7674958,7675136,178,0.63354398272056
"pair_2836","spacer_183","spacer_207",7674941,7675153,212,0.633039813387093
"pair_1966","spacer_160","spacer_207",7674210,7675153,943,0.632979488953058
"pair_1135","spacer_125","spacer_171",7673577,7674290,713,0.632508698440578
"pair_2884","spacer_185","spacer_196",7674958,7675103,145,0.631972415852956
"pair_719","spacer_113","spacer_152",7673251,7673824,573,0.630550011797274
"pair_3761","spacer_224","spacer_243",7675227,7676090,863,0.630549374658599
"pair_571","spacer_92","spacer_110",7670631,7670713,82,0.630260798965375
"pair_1738","spacer_156","spacer_182",7674196,7674944,748,0.630176417781913
"pair_1942","spacer_160","spacer_182",7674210,7674944,734,0.629594163087258
"pair_3169","spacer_194","spacer_215",7675079,7675184,105,0.628469557936255
"pair_2740","spacer_180","spacer_201",7674926,7675136,210,0.628200663939617
"pair_3374","spacer_201","spacer_242",7675136,7676089,953,0.627740336295011
"pair_4346","spacer_268","spacer_301",7676169,7676591,422,0.627649462022706
"pair_1113","spacer_125","spacer_149",7673577,7673783,206,0.627205466161295
"pair_2802","spacer_182","spacer_202",7674944,7675142,198,0.627199749013342
"pair_4335","spacer_268","spacer_283",7676169,7676254,85,0.627173822124194
"pair_4175","spacer_243","spacer_287",7676090,7676265,175,0.627123613295552
"pair_2247","spacer_166","spacer_201",7674238,7675136,898,0.627085778313499
"pair_2735","spacer_180","spacer_196",7674926,7675103,177,0.626629097072014
"pair_1606","spacer_151","spacer_164",7673811,7674234,423,0.62628841120981
"pair_3245","spacer_196","spacer_242",7675103,7676089,986,0.626168769427408
"pair_2442","spacer_170","spacer_215",7674269,7675184,915,0.625899220163481
"pair_2242","spacer_166","spacer_196",7674238,7675103,865,0.625514211445895
"pair_3655","spacer_215","spacer_225",7675184,7675998,814,0.625337782856866
"pair_2581","spacer_174","spacer_191",7674862,7675076,214,0.625291799050641
"pair_3794","spacer_225","spacer_268",7675998,7676169,171,0.625285025449802
"pair_2588","spacer_174","spacer_198",7674862,7675125,263,0.625012158546089
"pair_2008","spacer_161","spacer_201",7674221,7675136,915,0.624707488150676
"pair_3325","spacer_199","spacer_243",7675136,7676090,954,0.624690142518766
"pair_831","spacer_118","spacer_125",7673537,7673577,40,0.624646644687512
"pair_1185","spacer_129","spacer_151",7673598,7673811,213,0.624429399509843
"pair_3449","spacer_204","spacer_243",7675149,7676090,941,0.624163974524383
"pair_1120","spacer_125","spacer_156",7673577,7674196,619,0.624059517771393
"pair_3363","spacer_201","spacer_224",7675136,7675227,91,0.62382811818478
"pair_1124","spacer_125","spacer_160",7673577,7674210,633,0.623477263076739
"pair_4543","spacer_288","spacer_299",7676266,7676580,314,0.623235766887027
"pair_4154","spacer_243","spacer_256",7676090,7676127,37,0.623164219861327
"pair_2003","spacer_161","spacer_196",7674221,7675103,882,0.623135921283073
"pair_2918","spacer_186","spacer_201",7674959,7675136,177,0.623064915939215
"pair_1340","spacer_137","spacer_147",7673717,7673788,71,0.622657366641728
"pair_1623","spacer_152","spacer_164",7673824,7674234,410,0.622529434135384
"pair_298","spacer_73","spacer_83",7669709,7669772,63,0.622331860517944
"pair_3234","spacer_196","spacer_224",7675103,7675227,124,0.622256551317177
"pair_4551","spacer_296","spacer_299",7676555,7676580,25,0.622119314664482
"pair_4157","spacer_243","spacer_260",7676090,7676142,52,0.622109119082028
"pair_918","spacer_120","spacer_144",7673563,7673769,206,0.622069689830939
"pair_3069","spacer_191","spacer_207",7675076,7675153,77,0.622066468576947
"pair_1361","spacer_137","spacer_168",7673717,7674262,545,0.622065100252584
"pair_1106","spacer_125","spacer_141",7673577,7673746,169,0.621863160424216
"pair_3280","spacer_198","spacer_207",7675125,7675153,28,0.621786828072395
"pair_3664","spacer_215","spacer_241",7675184,7676088,904,0.621657796577511
"pair_4099","spacer_241","spacer_268",7676088,7676169,81,0.621605039170448
"pair_2913","spacer_186","spacer_196",7674959,7675103,144,0.621493349071612
"pair_2959","spacer_187","spacer_215",7674960,7675184,224,0.621467888519427
"pair_4540","spacer_288","spacer_292",7676266,7676527,261,0.621369725494919
"pair_3423","spacer_203","spacer_243",7675143,7676090,947,0.62070682058107
"pair_1186","spacer_129","spacer_152",7673598,7673824,226,0.620670422435417
"pair_2587","spacer_174","spacer_197",7674862,7675106,244,0.620530805219429
"pair_793","spacer_117","spacer_137",7673536,7673717,181,0.620451326447369
"pair_4546","spacer_292","spacer_296",7676527,7676555,28,0.620253273272374
"pair_1821","spacer_157","spacer_215",7674200,7675184,984,0.620222254175091
"pair_3495","spacer_207","spacer_230",7675153,7676040,887,0.620015598225773
"pair_4023","spacer_231","spacer_297",7676037,7676556,519,0.619560455814967
"pair_4531","spacer_286","spacer_299",7676264,7676580,316,0.619378289886108
"pair_3579","spacer_210","spacer_243",7675156,7676090,934,0.618743820732925
"pair_2791","spacer_182","spacer_191",7674944,7675076,132,0.618681142711147
"pair_2798","spacer_182","spacer_198",7674944,7675125,181,0.618401502206595
"pair_915","spacer_120","spacer_140",7673563,7673745,182,0.618056102317553
"pair_963","spacer_121","spacer_151",7673559,7673811,252,0.617552534311094
"pair_4528","spacer_286","spacer_292",7676264,7676527,263,0.617512248493999
"pair_3507","spacer_207","spacer_261",7675153,7676143,990,0.617391649860396
"pair_3825","spacer_226","spacer_243",7676008,7676090,82,0.61737136391116
"pair_2126","spacer_164","spacer_174",7674234,7674862,628,0.617330429755431
"pair_3254","spacer_197","spacer_207",7675106,7675153,47,0.617305474745735
"pair_3377","spacer_201","spacer_256",7675136,7676127,991,0.616442963387509
"pair_3216","spacer_196","spacer_199",7675103,7675136,33,0.616397319177345
"pair_1470","spacer_144","spacer_171",7673769,7674290,521,0.616390284571222
"pair_3553","spacer_209","spacer_243",7675155,7676090,935,0.6161776812967
"pair_2901","spacer_185","spacer_215",7674958,7675184,226,0.616058556624078
"pair_3221","spacer_196","spacer_204",7675103,7675149,46,0.615871151182962
"pair_415","spacer_79","spacer_110",7669761,7670713,952,0.615381600632951
"pair_3997","spacer_231","spacer_254",7676037,7676124,87,0.615259639318377
"pair_1471","spacer_145","spacer_151",7673772,7673811,39,0.614868321728662
"pair_3990","spacer_230","spacer_299",7676040,7676580,540,0.614385937707317
"pair_2156","spacer_164","spacer_207",7674234,7675153,919,0.614105099281737
"pair_345","spacer_74","spacer_110",7669735,7670713,978,0.614000371240254
"pair_2797","spacer_182","spacer_197",7674944,7675106,162,0.613920148879936
"pair_964","spacer_121","spacer_152",7673559,7673824,265,0.613793557236668
"pair_2552","spacer_173","spacer_201",7674859,7675136,277,0.613646878021795
"pair_1612","spacer_151","spacer_170",7673811,7674269,458,0.6136445664035
"pair_3347","spacer_200","spacer_231",7675131,7676037,906,0.613263420309916
"pair_2340","spacer_168","spacer_201",7674262,7675136,874,0.613110613619531
"pair_3001","spacer_189","spacer_200",7675057,7675131,74,0.613073685414175
"pair_3895","spacer_228","spacer_243",7676024,7676090,66,0.612779281386966
"pair_700","spacer_113","spacer_125",7673251,7673577,326,0.612623451067308
"pair_3987","spacer_230","spacer_292",7676040,7676527,487,0.612519896315208
"pair_3220","spacer_196","spacer_203",7675103,7675143,40,0.612413997239648
"pair_2518","spacer_172","spacer_207",7674863,7675153,290,0.612387725680234
"pair_1392","spacer_140","spacer_171",7673745,7674290,545,0.612376697057837
"pair_2547","spacer_173","spacer_196",7674859,7675103,244,0.612075311154191
"pair_3355","spacer_201","spacer_210",7675136,7675156,20,0.612022564259107
"pair_4324","spacer_261","spacer_299",7676143,7676580,437,0.61176198934194
"pair_2335","spacer_168","spacer_196",7674262,7675103,841,0.611539046751927
"pair_1472","spacer_145","spacer_152",7673772,7673824,52,0.611109344654236
"pair_4181","spacer_243","spacer_300",7676090,7676593,503,0.610918339677151
"pair_3599","spacer_212","spacer_243",7675178,7676090,912,0.610810132004927
"pair_2132","spacer_164","spacer_182",7674234,7674944,710,0.610719773415938
"pair_2752","spacer_180","spacer_215",7674926,7675184,258,0.610715237843136
"pair_3365","spacer_201","spacer_226",7675136,7676008,872,0.610650107437342
"pair_4500","spacer_280","spacer_297",7676227,7676556,329,0.610531755727513
"pair_3226","spacer_196","spacer_210",7675103,7675156,53,0.610450997391504
"pair_1339","spacer_137","spacer_146",7673717,7673779,62,0.610428756899523
"pair_2630","spacer_175","spacer_201",7674870,7675136,266,0.610336910654026
"pair_1362","spacer_137","spacer_169",7673717,7674266,549,0.61033590442896
"pair_3665","spacer_215","spacer_242",7675184,7676089,905,0.61025491019853
"pair_4129","spacer_242","spacer_268",7676089,7676169,80,0.610202152791466
"pair_4321","spacer_261","spacer_292",7676143,7676527,384,0.609895947949831
"pair_1629","spacer_152","spacer_170",7673824,7674269,445,0.609885589329074
"pair_4156","spacer_243","spacer_259",7676090,7676141,51,0.609696920817381
"pair_2259","spacer_166","spacer_215",7674238,7675184,946,0.609600352217017
"pair_3236","spacer_196","spacer_226",7675103,7676008,905,0.609078540569738
"pair_2494","spacer_172","spacer_182",7674863,7674944,81,0.609002399814434
"pair_2625","spacer_175","spacer_196",7674870,7675103,233,0.608765343786422
"pair_842","spacer_118","spacer_144",7673537,7673769,232,0.608528230818157
"pair_4165","spacer_243","spacer_275",7676090,7676193,103,0.608112904417353
"pair_1599","spacer_151","spacer_157",7673811,7674200,389,0.607967600415109
"pair_1455","spacer_144","spacer_156",7673769,7674196,427,0.607941103902038
"pair_3225","spacer_196","spacer_209",7675103,7675155,52,0.607884857955278
"pair_2462","spacer_171","spacer_189",7674290,7675057,767,0.607589562127422
"pair_1459","spacer_144","spacer_160",7673769,7674210,441,0.607358849207383
"pair_2584","spacer_174","spacer_194",7674862,7675079,217,0.607256922721894
"pair_2020","spacer_161","spacer_215",7674221,7675184,963,0.607222062054194
"pair_1370","spacer_140","spacer_149",7673745,7673783,38,0.607073464778554
"pair_3126","spacer_193","spacer_201",7675078,7675136,58,0.606997304334763
"pair_4475","spacer_278","spacer_299",7676232,7676580,348,0.606566676044511
"pair_3654","spacer_215","spacer_224",7675184,7675227,43,0.606342692088299
"pair_3768","spacer_224","spacer_268",7675227,7676169,942,0.606289934681235
"pair_4193","spacer_254","spacer_280",7676124,7676227,103,0.606230939230923
"pair_3367","spacer_201","spacer_228",7675136,7676024,888,0.606058024913148
"pair_97","spacer_39","spacer_44",7667300,7667347,47,0.605872087897577
"pair_748","spacer_116","spacer_137",7673539,7673717,178,0.605784003652807
"pair_1393","spacer_141","spacer_144",7673746,7673769,23,0.60574474655486
"pair_643","spacer_106","spacer_110",7670664,7670713,49,0.605737282177484
"pair_595","spacer_95","spacer_110",7670634,7670713,79,0.605667516717347
"pair_2930","spacer_186","spacer_215",7674959,7675184,225,0.605579489842734
"pair_3121","spacer_193","spacer_196",7675078,7675103,25,0.605425737467159
"pair_1347","spacer_137","spacer_154",7673717,7673829,112,0.604758042002989
"pair_4472","spacer_278","spacer_292",7676232,7676527,295,0.604700634652403
"pair_2405","spacer_170","spacer_174",7674269,7674862,593,0.604686584949121
"pair_627","spacer_101","spacer_110",7670651,7670713,62,0.604632639503064
"pair_1128","spacer_125","spacer_164",7673577,7674234,657,0.604602873405418
"pair_303","spacer_73","spacer_92",7669709,7670631,922,0.604599603581805
"pair_839","spacer_118","spacer_140",7673537,7673745,208,0.604514643304771
"pair_3238","spacer_196","spacer_228",7675103,7676024,921,0.604486458045544
"pair_1616","spacer_152","spacer_157",7673824,7674200,376,0.604208623340683
"pair_3356","spacer_201","spacer_212",7675136,7675178,42,0.604088875531109
"pair_3162","spacer_194","spacer_207",7675079,7675153,74,0.6040315922482
"pair_1377","spacer_140","spacer_156",7673745,7674196,451,0.603927516388652
"pair_4163","spacer_243","spacer_273",7676090,7676198,108,0.60391264269201
"pair_579","spacer_93","spacer_110",7670632,7670713,81,0.603793889101009
"pair_1381","spacer_140","spacer_160",7673745,7674210,465,0.603345261693998
"pair_4339","spacer_268","spacer_287",7676169,7676265,96,0.602864173318188
"pair_1099","spacer_125","spacer_129",7673577,7673598,21,0.60274386170545
"pair_3227","spacer_196","spacer_212",7675103,7675178,75,0.602517308663505
"pair_1343","spacer_137","spacer_150",7673717,7673788,71,0.601790761028818
"pair_4162","spacer_243","spacer_272",7676090,7676186,96,0.601532149456482
"pair_2435","spacer_170","spacer_207",7674269,7675153,884,0.601461254475427
"pair_2385","spacer_169","spacer_201",7674266,7675136,870,0.601381417795907
"pair_4062","spacer_236","spacer_243",7676059,7676090,31,0.601324782797489
"pair_3490","spacer_207","spacer_225",7675153,7675998,845,0.600899817168812
"pair_2794","spacer_182","spacer_194",7674944,7675079,135,0.6006462663824
"pair_3309","spacer_199","spacer_215",7675136,7675184,48,0.600483459948466
"pair_2577","spacer_174","spacer_187",7674862,7674960,98,0.600255253305067
"pair_3433","spacer_204","spacer_215",7675149,7675184,35,0.599957291954083
"pair_2380","spacer_169","spacer_196",7674266,7675103,837,0.599809850928303
"pair_1745","spacer_156","spacer_189",7674196,7675057,861,0.599140381458238
"pair_1784","spacer_157","spacer_174",7674200,7674862,662,0.599009618960731
"pair_3668","spacer_215","spacer_256",7675184,7676127,943,0.598957537291027
"pair_4207","spacer_256","spacer_268",7676127,7676169,42,0.598904779883964
"pair_2819","spacer_183","spacer_189",7674941,7675057,116,0.598618451197618
"pair_1949","spacer_160","spacer_189",7674210,7675057,847,0.598558126763583
"pair_2411","spacer_170","spacer_182",7674269,7674944,675,0.598075928609627
"pair_3671","spacer_215","spacer_260",7675184,7676142,958,0.597902436511728
"pair_101","spacer_39","spacer_48",7667300,7667350,50,0.597890039014163
"pair_4279","spacer_260","spacer_268",7676142,7676169,27,0.597849679104664
"pair_3622","spacer_213","spacer_243",7675179,7676090,911,0.597697640286079
"pair_1608","spacer_151","spacer_166",7673811,7674238,427,0.597345698457035
"pair_3499","spacer_207","spacer_241",7675153,7676088,935,0.597219830889457
"pair_4513","spacer_283","spacer_299",7676254,7676580,326,0.597158953324747
"pair_2952","spacer_187","spacer_207",7674960,7675153,193,0.597029922831373
"pair_633","spacer_103","spacer_110",7670646,7670713,67,0.59690901616869
"pair_1360","spacer_137","spacer_167",7673717,7674236,519,0.596566752663168
"pair_711","spacer_113","spacer_144",7673251,7673769,518,0.596505037197953
"pair_3407","spacer_203","spacer_215",7675143,7675184,41,0.59650013801077
"pair_3393","spacer_202","spacer_231",7675142,7676037,895,0.596353447585408
"pair_3003","spacer_189","spacer_202",7675057,7675142,85,0.596163712689667
"pair_2564","spacer_173","spacer_215",7674859,7675184,325,0.596161451925313
"pair_887","spacer_119","spacer_151",7673559,7673811,252,0.595837730818578
"pair_1814","spacer_157","spacer_207",7674200,7675153,953,0.595784288487037
"pair_4550","spacer_292","spacer_301",7676527,7676591,64,0.595768551831152
"pair_2352","spacer_168","spacer_215",7674262,7675184,922,0.595625187523049
"pair_1348","spacer_137","spacer_155",7673717,7674185,468,0.59532957167071
"pair_4510","spacer_283","spacer_292",7676254,7676527,273,0.595292911932639
"pair_3815","spacer_225","spacer_299",7675998,7676580,582,0.595270156650356
"pair_1603","spacer_151","spacer_161",7673811,7674221,410,0.594967408294213
"pair_372","spacer_75","spacer_110",7669736,7670713,977,0.594946401055324
"pair_2575","spacer_174","spacer_185",7674862,7674958,96,0.594845921409717
"pair_4020","spacer_231","spacer_288",7676037,7676266,229,0.594633800111749
"pair_3372","spacer_201","spacer_236",7675136,7676059,923,0.59460352632367
"pair_990","spacer_122","spacer_137",7673571,7673717,146,0.594572785914052
"pair_3563","spacer_210","spacer_215",7675156,7675184,28,0.594537138162625
"pair_1251","spacer_134","spacer_151",7673714,7673811,97,0.593863294493408
"pair_4164","spacer_243","spacer_274",7676090,7676192,102,0.593846567594845
"pair_1625","spacer_152","spacer_166",7673824,7674238,414,0.593586721382609
"pair_4022","spacer_231","spacer_296",7676037,7676555,518,0.593517347889204
"pair_3812","spacer_225","spacer_292",7675998,7676527,529,0.593404115258247
"pair_1109","spacer_125","spacer_145",7673577,7673772,195,0.59318278392427
"pair_3656","spacer_215","spacer_226",7675184,7676008,824,0.59316468134086
"pair_3711","spacer_217","spacer_243",7675194,7676090,896,0.593162448870518
"pair_3832","spacer_226","spacer_268",7676008,7676169,161,0.593111923933796
"pair_3243","spacer_196","spacer_236",7675103,7676059,956,0.593031959456067
"pair_2642","spacer_175","spacer_215",7674870,7675184,314,0.592851484557544
"pair_708","spacer_113","spacer_140",7673251,7673745,494,0.592491449684567
"pair_1790","spacer_157","spacer_182",7674200,7674944,744,0.592398962621237
"pair_667","spacer_112","spacer_137",7673232,7673717,485,0.592202870488403
"pair_888","spacer_119","spacer_152",7673559,7673824,265,0.592078753744152
"pair_3537","spacer_209","spacer_215",7675155,7675184,29,0.5919709987264
"pair_1134","spacer_125","spacer_170",7673577,7674269,692,0.591959028599107
"pair_27","spacer_14","spacer_20",7666193,7666224,31,0.591885006466958
"pair_4203","spacer_254","spacer_297",7676124,7676556,432,0.591702278334542
"pair_2894","spacer_185","spacer_207",7674958,7675153,195,0.591620590936023
"pair_4120","spacer_241","spacer_299",7676088,7676580,492,0.591590170371001
"pair_1341","spacer_137","spacer_148",7673717,7673789,72,0.591473996387955
"pair_3214","spacer_195","spacer_243",7675095,7676090,995,0.591279241143363
"pair_1620","spacer_152","spacer_161",7673824,7674221,397,0.591208431219787
"pair_3357","spacer_201","spacer_213",7675136,7675179,43,0.590976383812261
"pair_4018","spacer_231","spacer_286",7676037,7676264,227,0.590776323110829
"pair_1028","spacer_123","spacer_137",7673575,7673717,142,0.590354882473001
"pair_1252","spacer_134","spacer_152",7673714,7673824,110,0.590104317418982
"pair_132","spacer_42","spacer_56",7667311,7667403,92,0.590100566114809
"pair_3929","spacer_229","spacer_243",7676039,7676090,51,0.589935309913546
"pair_562","spacer_87","spacer_110",7669784,7670713,929,0.589735912363674
"pair_4117","spacer_241","spacer_292",7676088,7676527,439,0.589724128978893
"pair_294","spacer_73","spacer_79",7669709,7669761,52,0.589720405249381
"pair_3138","spacer_193","spacer_215",7675078,7675184,106,0.589511878238281
"pair_2570","spacer_174","spacer_180",7674862,7674926,64,0.589502602628775
"pair_3228","spacer_196","spacer_213",7675103,7675179,76,0.589404816944657
"pair_104","spacer_39","spacer_55",7667300,7667402,102,0.589110555592688
"pair_3658","spacer_215","spacer_228",7675184,7676024,840,0.588572598816666
"pair_3902","spacer_228","spacer_268",7676024,7676169,145,0.588519841409602
"pair_1463","spacer_144","spacer_164",7673769,7674234,465,0.588484459536063
"pair_2222","spacer_166","spacer_174",7674238,7674862,624,0.588387717002656
"pair_291","spacer_73","spacer_74",7669709,7669735,26,0.588339175856684
"pair_3087","spacer_191","spacer_231",7675076,7676037,961,0.587834841283213
"pair_2295","spacer_167","spacer_201",7674236,7675136,900,0.587612266030115
"pair_3298","spacer_198","spacer_231",7675125,7676037,912,0.587555200778661
"pair_2999","spacer_189","spacer_198",7675057,7675125,68,0.58736546588292
"pair_1209","spacer_130","spacer_137",7673608,7673717,109,0.587220575465535
"pair_1351","spacer_137","spacer_158",7673717,7674205,488,0.587040920785991
"pair_1117","spacer_125","spacer_153",7673577,7673828,251,0.586952812007532
"pair_4345","spacer_268","spacer_300",7676169,7676593,424,0.586658899699788
"pair_1178","spacer_129","spacer_144",7673598,7673769,171,0.586625447836095
"pair_3606","spacer_212","spacer_268",7675178,7676169,991,0.586550692027563
"pair_3361","spacer_201","spacer_217",7675136,7675194,58,0.5864411923967
"pair_1706","spacer_155","spacer_201",7674185,7675136,951,0.586375085037656
"pair_1121","spacer_125","spacer_157",7673577,7674200,623,0.586282062610717
"pair_2745","spacer_180","spacer_207",7674926,7675153,227,0.586277272155081
"pair_4029","spacer_235","spacer_243",7676055,7676090,35,0.586196575599856
"pair_2290","spacer_167","spacer_196",7674236,7675103,867,0.586040699162511
"pair_1983","spacer_161","spacer_174",7674221,7674862,641,0.586009426839834
"pair_3500","spacer_207","spacer_242",7675153,7676089,936,0.585816944510475
"pair_3095","spacer_192","spacer_201",7675077,7675136,59,0.585770534610729
"pair_4497","spacer_280","spacer_288",7676227,7676266,39,0.585605100024295
"pair_3024","spacer_189","spacer_230",7675057,7676040,983,0.585594236036298
"pair_3670","spacer_215","spacer_259",7675184,7676141,957,0.585490238247081
"pair_4255","spacer_259","spacer_268",7676141,7676169,28,0.585437480840018
"pair_3353","spacer_200","spacer_254",7675131,7676124,993,0.585405242829491
"pair_4168","spacer_243","spacer_279",7676090,7676226,136,0.585221972477919
"pair_2252","spacer_166","spacer_207",7674238,7675153,915,0.585162386528962
"pair_2607","spacer_174","spacer_224",7674862,7675227,365,0.585130056873938
"pair_3232","spacer_196","spacer_217",7675103,7675194,91,0.584869625529097
"pair_1701","spacer_155","spacer_196",7674185,7675103,918,0.584803518170052
"pair_3186","spacer_195","spacer_201",7675095,7675136,41,0.584557984669545
"pair_4499","spacer_280","spacer_296",7676227,7676555,328,0.58448864780175
"pair_1385","spacer_140","spacer_164",7673745,7674234,489,0.584470872022677
"pair_2576","spacer_174","spacer_186",7674862,7674959,97,0.584366854628373
"pair_1358","spacer_137","spacer_165",7673717,7674237,520,0.584285259128896
"pair_3090","spacer_192","spacer_196",7675077,7675103,26,0.584198967743126
"pair_1513","spacer_147","spacer_151",7673788,7673811,23,0.583962800152211
"pair_2397","spacer_169","spacer_215",7674266,7675184,918,0.583895991699425
"pair_4329","spacer_268","spacer_275",7676169,7676193,24,0.58385346443999
"pair_1356","spacer_137","spacer_163",7673717,7674224,507,0.583658365881442
"pair_1610","spacer_151","spacer_168",7673811,7674262,451,0.583370533763067
"pair_3368","spacer_201","spacer_229",7675136,7676039,903,0.583214053439727
"pair_4002","spacer_231","spacer_261",7676037,7676143,106,0.583160022566662
"pair_3272","spacer_197","spacer_231",7675106,7676037,931,0.583073847452001
"pair_2998","spacer_189","spacer_197",7675057,7675106,49,0.58288411255626
"pair_2013","spacer_161","spacer_207",7674221,7675153,932,0.58278409636614
"pair_1175","spacer_129","spacer_140",7673598,7673745,147,0.582611860322709
"pair_3489","spacer_207","spacer_224",7675153,7675227,74,0.581904726400244
"pair_3688","spacer_216","spacer_243",7675188,7676090,902,0.581901127618031
"pair_2228","spacer_166","spacer_182",7674238,7674944,706,0.581777060663163
"pair_804","spacer_117","spacer_151",7673536,7673811,275,0.581756759957852
"pair_4495","spacer_280","spacer_286",7676227,7676264,37,0.581747623023375
"pair_3239","spacer_196","spacer_229",7675103,7676039,936,0.581642486572124
"pair_2923","spacer_186","spacer_207",7674959,7675153,194,0.581141524154679
"pair_1514","spacer_147","spacer_152",7673788,7673824,36,0.580203823077786
"pair_4150","spacer_242","spacer_299",7676089,7676580,491,0.580187283992019
"pair_315","spacer_73","spacer_106",7669709,7670664,955,0.580076086793914
"pair_306","spacer_73","spacer_95",7669709,7670634,925,0.580006321333777
"pair_4172","spacer_243","spacer_284",7676090,7676258,168,0.579902776930709
"pair_1355","spacer_137","spacer_162",7673717,7674217,500,0.579814008353176
"pair_956","spacer_121","spacer_144",7673559,7673769,210,0.579748582637346
"pair_1139","spacer_128","spacer_137",7673597,7673717,120,0.579706558681176
"pair_2139","spacer_164","spacer_189",7674234,7675057,823,0.579683737092263
"pair_4327","spacer_268","spacer_273",7676169,7676198,29,0.579653202714647
"pair_1627","spacer_152","spacer_168",7673824,7674262,438,0.579611556688642
"pair_3371","spacer_201","spacer_235",7675136,7676055,919,0.579475319126038
"pair_1989","spacer_161","spacer_182",7674221,7674944,723,0.57939877050034
"pair_2589","spacer_174","spacer_199",7674862,7675136,274,0.579270824734106
"pair_311","spacer_73","spacer_101",7669709,7670651,942,0.578971444119495
"pair_2594","spacer_174","spacer_204",7674862,7675149,287,0.578744656739723
"pair_2817","spacer_182","spacer_224",7674944,7675227,283,0.578519400534445
"pair_4147","spacer_242","spacer_292",7676089,7676527,438,0.578321242599911
"pair_2976","spacer_188","spacer_201",7674971,7675136,165,0.578288387964129
"pair_3527","spacer_208","spacer_243",7675154,7676090,936,0.578198662663124
"pair_304","spacer_73","spacer_93",7669709,7670632,923,0.578132693717439
"pair_945","spacer_120","spacer_171",7673563,7674290,727,0.578120182507241
"pair_1859","spacer_158","spacer_201",7674205,7675136,931,0.578086434152937
"pair_805","spacer_117","spacer_152",7673536,7673824,288,0.577997782883426
"pair_2501","spacer_172","spacer_189",7674863,7675057,194,0.577966363490759
"pair_4011","spacer_231","spacer_278",7676037,7676232,195,0.577964709269233
"pair_2473","spacer_171","spacer_200",7674290,7675131,841,0.577924900534277
"pair_3242","spacer_196","spacer_235",7675103,7676055,952,0.577903752258434
"pair_451","spacer_81","spacer_107",7669767,7670675,908,0.577509945986228
"pair_603","spacer_96","spacer_110",7670635,7670713,78,0.577422459915795
"pair_3663","spacer_215","spacer_236",7675184,7676059,875,0.577118100227189
"pair_4069","spacer_236","spacer_268",7676059,7676169,110,0.577065342820125
"pair_3736","spacer_219","spacer_243",7675202,7676090,888,0.577049421552566
"pair_3979","spacer_230","spacer_280",7676040,7676227,187,0.576755270844584
"pair_2971","spacer_188","spacer_196",7674971,7675103,132,0.576716821096526
"pair_1854","spacer_158","spacer_196",7674205,7675103,898,0.576514867285334
"pair_647","spacer_107","spacer_111",7670675,7670708,33,0.576035867809125
"pair_4160","spacer_243","spacer_270",7676090,7676173,83,0.575910825334752
"pair_1469","spacer_144","spacer_170",7673769,7674269,500,0.575840614729752
"pair_1066","spacer_124","spacer_137",7673576,7673717,141,0.575771216420029
"pair_953","spacer_121","spacer_140",7673559,7673745,186,0.57573499512396
"pair_1130","spacer_125","spacer_166",7673577,7674238,661,0.575660160652643
"pair_2199","spacer_165","spacer_201",7674237,7675136,899,0.575330772495842
"pair_2593","spacer_174","spacer_203",7674862,7675143,281,0.57528750279641
"pair_3360","spacer_201","spacer_216",7675136,7675188,52,0.575179871144213
"pair_2104","spacer_163","spacer_201",7674224,7675136,912,0.574703879248388
"pair_3503","spacer_207","spacer_256",7675153,7676127,974,0.574519571602973
"pair_2315","spacer_168","spacer_174",7674262,7674862,600,0.574412552308688
"pair_587","spacer_94","spacer_110",7670633,7670713,80,0.57436511680243
"pair_4313","spacer_261","spacer_280",7676143,7676227,84,0.574131322479207
"pair_1313","spacer_136","spacer_151",7673716,7673811,95,0.574086798386539
"pair_2194","spacer_165","spacer_196",7674237,7675103,866,0.573759205628239
"pair_3231","spacer_196","spacer_216",7675103,7675188,85,0.57360830427661
"pair_3506","spacer_207","spacer_260",7675153,7676142,989,0.573464470823674
"pair_3629","spacer_213","spacer_268",7675179,7676169,990,0.573438200308716
"pair_2599","spacer_174","spacer_210",7674862,7675156,294,0.573324502948265
"pair_1125","spacer_125","spacer_161",7673577,7674221,644,0.573281870489821
"pair_2099","spacer_163","spacer_196",7674224,7675103,879,0.573132312380784
"pair_1366","spacer_140","spacer_145",7673745,7673772,27,0.573050782541529
"pair_4537","spacer_287","spacer_299",7676265,7676580,315,0.572849304518742
"pair_923","spacer_120","spacer_149",7673563,7673783,220,0.572816950227958
"pair_2669","spacer_176","spacer_201",7674871,7675136,265,0.572813211261143
"pair_2799","spacer_182","spacer_199",7674944,7675136,192,0.572660168394612
"pair_1101","spacer_125","spacer_134",7673577,7673714,137,0.572177756689015
"pair_2804","spacer_182","spacer_204",7674944,7675149,205,0.572134000400229
"pair_1391","spacer_140","spacer_170",7673745,7674269,524,0.571827027216366
"pair_1492","spacer_146","spacer_151",7673779,7673811,32,0.571734190410006
"pair_2557","spacer_173","spacer_207",7674859,7675153,294,0.571723486237259
"pair_1611","spacer_151","spacer_169",7673811,7674266,455,0.571641337939443
"pair_1336","spacer_137","spacer_142",7673717,7673747,30,0.571253557744124
"pair_312","spacer_73","spacer_103",7669709,7670646,937,0.57124782078512
"pair_2664","spacer_176","spacer_196",7674871,7675103,232,0.57124164439354
"pair_2345","spacer_168","spacer_207",7674262,7675153,891,0.571187221834994
"pair_4542","spacer_288","spacer_297",7676266,7676556,290,0.571076439127914
"pair_4534","spacer_287","spacer_292",7676265,7676527,262,0.570983263126633
"pair_2057","spacer_162","spacer_201",7674217,7675136,919,0.570859521720122
"pair_1452","spacer_144","spacer_153",7673769,7673828,59,0.570834398138177
"pair_2598","spacer_174","spacer_209",7674862,7675155,293,0.57075836351204
"pair_98","spacer_39","spacer_45",7667300,7667344,44,0.570650272236706
"pair_3362","spacer_201","spacer_219",7675136,7675202,66,0.570328165078748
"pair_1314","spacer_136","spacer_152",7673716,7673824,108,0.570327821312113
"pair_826","spacer_118","spacer_120",7673537,7673563,26,0.570258128754175
"pair_1456","spacer_144","spacer_157",7673769,7674200,431,0.570163648741362
"pair_2307","spacer_167","spacer_215",7674236,7675184,948,0.570126839933633
"pair_3224","spacer_196","spacer_208",7675103,7675154,51,0.569905839321703
"pair_3475","spacer_206","spacer_243",7675150,7676090,940,0.56986405724109
"pair_3180","spacer_194","spacer_231",7675079,7676037,958,0.569799964954466
"pair_930","spacer_120","spacer_156",7673563,7674196,633,0.569671001838056
"pair_2995","spacer_189","spacer_194",7675057,7675079,22,0.569610230058725
"pair_4328","spacer_268","spacer_274",7676169,7676192,23,0.569587127617481
"pair_1756","spacer_156","spacer_200",7674196,7675131,935,0.569475719865093
"pair_2052","spacer_162","spacer_196",7674217,7675103,886,0.569287954852519
"pair_292","spacer_73","spacer_75",7669709,7669736,27,0.569285205671754
"pair_934","spacer_120","spacer_160",7673563,7674210,647,0.569088747143402
"pair_4026","spacer_231","spacer_301",7676037,7676591,554,0.569032626447982
"pair_2830","spacer_183","spacer_200",7674941,7675131,190,0.568953789604473
"pair_3718","spacer_217","spacer_268",7675194,7676169,975,0.568903008893155
"pair_1960","spacer_160","spacer_200",7674210,7675131,921,0.568893465170438
"pair_4228","spacer_256","spacer_299",7676127,7676580,453,0.568889911084517
"pair_1718","spacer_155","spacer_215",7674185,7675184,999,0.568889658941174
"pair_3233","spacer_196","spacer_219",7675103,7675202,99,0.568756598211144
"pair_508","spacer_84","spacer_110",7669783,7670713,930,0.568734240024086
"pair_3491","spacer_207","spacer_226",7675153,7676008,855,0.568726715652806
"pair_2803","spacer_182","spacer_203",7674944,7675143,199,0.568676846456916
"pair_4015","spacer_231","spacer_283",7676037,7676254,217,0.568556986549469
"pair_3399","spacer_202","spacer_254",7675142,7676124,982,0.568495270104982
"pair_2635","spacer_175","spacer_207",7674870,7675153,283,0.56841351886949
"pair_2533","spacer_173","spacer_182",7674859,7674944,85,0.568338160371459
"pair_2583","spacer_174","spacer_193",7674862,7675078,216,0.56829924302392
"pair_3107","spacer_192","spacer_215",7675077,7675184,107,0.568285108514248
"pair_1493","spacer_146","spacer_152",7673779,7673824,45,0.56797521333558
"pair_1628","spacer_152","spacer_169",7673824,7674266,442,0.567882360865017
"pair_4300","spacer_260","spacer_299",7676142,7676580,438,0.567834810305218
"pair_2321","spacer_168","spacer_182",7674262,7674944,682,0.567801895969195
"pair_916","spacer_120","spacer_141",7673563,7673746,183,0.567474644490879
"pair_4530","spacer_286","spacer_297",7676264,7676556,292,0.567218962126994
"pair_1575","spacer_149","spacer_171",7673783,7674290,507,0.567137544968242
"pair_759","spacer_116","spacer_151",7673539,7673811,272,0.56708943716329
"pair_3198","spacer_195","spacer_215",7675095,7675184,89,0.567072558573064
"pair_2418","spacer_170","spacer_189",7674269,7675057,788,0.567039892285952
"pair_4225","spacer_256","spacer_292",7676127,7676527,400,0.567023869692409
"pair_1374","spacer_140","spacer_153",7673745,7673828,83,0.566820810624791
"pair_4200","spacer_254","spacer_288",7676124,7676266,142,0.566775622631323
"pair_2809","spacer_182","spacer_210",7674944,7675156,212,0.566713846608771
"pair_3860","spacer_227","spacer_243",7676023,7676090,67,0.566696105476971
"pair_3782","spacer_225","spacer_231",7675998,7676037,39,0.566668189875078
"pair_394","spacer_78","spacer_110",7669755,7670713,958,0.566565124542795
"pair_165","spacer_58","spacer_73",7669618,7669709,91,0.566514996013167
"pair_3019","spacer_189","spacer_225",7675057,7675998,941,0.566478454979337
"pair_1378","spacer_140","spacer_157",7673745,7674200,455,0.566150061227976
"pair_4297","spacer_260","spacer_292",7676142,7676527,385,0.565968768913109
"pair_3659","spacer_215","spacer_229",7675184,7676039,855,0.565728627343246
"pair_3936","spacer_229","spacer_268",7676039,7676169,130,0.565675869936182
"pair_4202","spacer_254","spacer_296",7676124,7676555,431,0.565659170408778
"pair_99","spacer_39","spacer_46",7667300,7667345,45,0.565478445197024
"pair_2600","spacer_174","spacer_212",7674862,7675178,316,0.565390814220267
"pair_3131","spacer_193","spacer_207",7675078,7675153,75,0.565073912550226
"pair_2611","spacer_175","spacer_182",7674870,7674944,74,0.56502819300369
"pair_4161","spacer_243","spacer_271",7676090,7676174,84,0.564994930725323
"pair_526","spacer_85","spacer_110",7669779,7670713,934,0.564750199402629
"pair_869","spacer_118","spacer_171",7673537,7674290,753,0.564578723494458
"pair_2808","spacer_182","spacer_209",7674944,7675155,211,0.564147707172546
"pair_3493","spacer_207","spacer_228",7675153,7676024,871,0.564134633128612
"pair_302","spacer_73","spacer_87",7669709,7669784,75,0.564074716980105
"pair_1729","spacer_156","spacer_171",7674196,7674290,94,0.56399159657834
"pair_1352","spacer_137","spacer_159",7673717,7674209,492,0.563711354724279
"pair_2456","spacer_171","spacer_183",7674290,7674941,651,0.56346966631772
"pair_1933","spacer_160","spacer_171",7674210,7674290,80,0.563409341883685
"pair_760","spacer_116","spacer_152",7673539,7673824,285,0.563330460088864
"pair_3853","spacer_226","spacer_299",7676008,7676580,572,0.56309705513435
"pair_1576","spacer_150","spacer_151",7673788,7673811,23,0.563096194539301
"pair_487","spacer_83","spacer_107",7669772,7670675,903,0.563075534324407
"pair_3994","spacer_231","spacer_241",7676037,7676088,51,0.562988203595723
"pair_4198","spacer_254","spacer_286",7676124,7676264,140,0.562918145630404
"pair_649","spacer_108","spacer_110",7670681,7670713,32,0.562833729083141
"pair_2360","spacer_169","spacer_174",7674266,7674862,596,0.562683356485065
"pair_2935","spacer_187","spacer_189",7674960,7675057,97,0.562608560641898
"pair_1111","spacer_125","spacer_147",7673577,7673788,211,0.562277262347819
"pair_3989","spacer_230","spacer_297",7676040,7676556,516,0.562226609948203
"pair_3482","spacer_207","spacer_212",7675153,7675178,25,0.562165483746573
"pair_3662","spacer_215","spacer_235",7675184,7676055,871,0.561989893029556
"pair_4166","spacer_243","spacer_277",7676090,7676225,135,0.561961847419004
"pair_4036","spacer_235","spacer_268",7676055,7676169,114,0.561937135622492
"pair_622","spacer_100","spacer_110",7670647,7670713,66,0.56189803236299
"pair_1420","spacer_141","spacer_171",7673746,7674290,544,0.561795239231162
"pair_2793","spacer_182","spacer_193",7674944,7675078,134,0.561688586684427
"pair_1132","spacer_125","spacer_168",7673577,7674262,685,0.561684995958675
"pair_3222","spacer_196","spacer_206",7675103,7675150,47,0.561571233899668
"pair_1797","spacer_157","spacer_189",7674200,7675057,857,0.561362926297561
"pair_3850","spacer_226","spacer_292",7676008,7676527,519,0.561231013742241
"pair_3505","spacer_207","spacer_259",7675153,7676141,988,0.561052272559027
"pair_2475","spacer_171","spacer_202",7674290,7675142,852,0.561014927809769
"pair_4332","spacer_268","spacer_279",7676169,7676226,57,0.560962532500556
"pair_2988","spacer_188","spacer_215",7674971,7675184,213,0.560802961867648
"pair_1871","spacer_158","spacer_215",7674205,7675184,979,0.560601008056456
"pair_29","spacer_14","spacer_24",7666193,7666230,37,0.560275181247339
"pair_786","spacer_117","spacer_125",7673536,7673577,41,0.56007122215346
"pair_4503","spacer_280","spacer_301",7676227,7676591,364,0.560003926360528
"pair_3366","spacer_201","spacer_227",7675136,7676023,887,0.559974849003153
"pair_3304","spacer_198","spacer_254",7675125,7676124,999,0.559697023298236
"pair_4323","spacer_261","spacer_297",7676143,7676556,413,0.559602661582826
"pair_1465","spacer_144","spacer_166",7673769,7674238,469,0.559541746783288
"pair_4492","spacer_280","spacer_283",7676227,7676254,27,0.559528286462015
"pair_2390","spacer_169","spacer_207",7674266,7675153,887,0.559458026011371
"pair_1577","spacer_150","spacer_152",7673788,7673824,36,0.559337217464875
"pair_847","spacer_118","spacer_149",7673537,7673783,246,0.559275491215176
"pair_544","spacer_86","spacer_110",7669783,7670713,930,0.559056897166399
"pair_2810","spacer_182","spacer_212",7674944,7675178,234,0.558780157880773
"pair_1560","spacer_149","spacer_156",7673783,7674196,413,0.558688364299057
"pair_3923","spacer_228","spacer_299",7676024,7676580,556,0.558504972610156
"pair_2860","spacer_184","spacer_201",7674955,7675136,181,0.558504784485029
"pair_3237","spacer_196","spacer_227",7675103,7676023,920,0.558403282135549
"pair_695","spacer_113","spacer_120",7673251,7673563,312,0.558234935133971
"pair_1564","spacer_149","spacer_160",7673783,7674210,427,0.558106109604403
"pair_880","spacer_119","spacer_144",7673559,7673769,210,0.55803377914483
"pair_3063","spacer_191","spacer_200",7675076,7675131,55,0.557980444794327
"pair_3963","spacer_230","spacer_254",7676040,7676124,84,0.557925793451613
"pair_1609","spacer_151","spacer_167",7673811,7674236,425,0.557872186173651
"pair_2211","spacer_165","spacer_215",7674237,7675184,947,0.55784534639936
"pair_3695","spacer_216","spacer_268",7675188,7676169,981,0.557641687640668
"pair_3804","spacer_225","spacer_280",7675998,7676227,229,0.557639489787623
"pair_2116","spacer_163","spacer_215",7674224,7675184,960,0.557218453151906
"pair_2877","spacer_185","spacer_189",7674958,7675057,99,0.557199228746548
"pair_1460","spacer_144","spacer_161",7673769,7674221,452,0.557163456620465
"pair_2855","spacer_184","spacer_196",7674955,7675103,148,0.556933217617426
"pair_455","spacer_81","spacer_111",7669767,7670708,941,0.55676443857705
"pair_3920","spacer_228","spacer_292",7676024,7676527,503,0.556638931218047
"pair_1597","spacer_151","spacer_155",7673811,7674185,374,0.556635005181193
"pair_1398","spacer_141","spacer_149",7673746,7673783,37,0.556492006951879
"pair_4173","spacer_243","spacer_285",7676090,7676263,173,0.556287735942627
"pair_854","spacer_118","spacer_156",7673537,7674196,659,0.556129542825274
"pair_2366","spacer_169","spacer_182",7674266,7674944,678,0.556072700145571
"pair_1244","spacer_134","spacer_144",7673714,7673769,55,0.55605934281966
"pair_3346","spacer_200","spacer_230",7675131,7676040,909,0.555929574443152
"pair_1001","spacer_122","spacer_151",7673571,7673811,240,0.555878219424535
"pair_4336","spacer_268","spacer_284",7676169,7676258,89,0.555643336953345
"pair_858","spacer_118","spacer_160",7673537,7674210,673,0.555547288130619
"pair_1387","spacer_140","spacer_166",7673745,7674238,493,0.555528159269902
"pair_4276","spacer_259","spacer_299",7676141,7676580,439,0.555422612040571
"pair_2681","spacer_176","spacer_215",7674871,7675184,313,0.555327785164662
"pair_1739","spacer_156","spacer_183",7674196,7674941,745,0.555020485648535
"pair_4549","spacer_292","spacer_300",7676527,7676593,66,0.554777989508233
"pair_1910","spacer_159","spacer_201",7674209,7675136,927,0.554756868091225
"pair_57","spacer_26","spacer_39",7667176,7667300,124,0.554723927024832
"pair_1943","spacer_160","spacer_183",7674210,7674941,731,0.554438230953881
"pair_4474","spacer_278","spacer_297",7676232,7676556,324,0.554407348285398
"pair_1626","spacer_152","spacer_167",7673824,7674236,412,0.554113209099225
"pair_877","spacer_119","spacer_140",7673559,7673745,186,0.554020191631445
"pair_3511","spacer_208","spacer_215",7675154,7675184,30,0.553991980092824
"pair_4109","spacer_241","spacer_280",7676088,7676227,139,0.553959503508269
"pair_840","spacer_118","spacer_141",7673537,7673746,209,0.553933185478096
"pair_4449","spacer_275","spacer_299",7676193,7676580,387,0.553838595640543
"pair_4273","spacer_259","spacer_292",7676141,7676527,386,0.553556570648463
"pair_678","spacer_112","spacer_151",7673232,7673811,579,0.553508303998886
"pair_2069","spacer_162","spacer_215",7674217,7675184,967,0.55337409562364
"pair_1405","spacer_141","spacer_156",7673746,7674196,450,0.553346058561978
"pair_3248","spacer_197","spacer_200",7675106,7675131,25,0.553219450963115
"pair_1905","spacer_159","spacer_196",7674209,7675103,894,0.553185301223622
"pair_1382","spacer_140","spacer_161",7673745,7674221,476,0.55314986910708
"pair_2771","spacer_181","spacer_201",7674940,7675136,196,0.552909681091994
"pair_1614","spacer_152","spacer_155",7673824,7674185,361,0.552876028106767
"pair_3743","spacer_219","spacer_268",7675202,7676169,967,0.552789981575202
"pair_1534","spacer_148","spacer_151",7673789,7673811,22,0.552779429898437
"pair_1409","spacer_141","spacer_160",7673746,7674210,464,0.552763803867323
"pair_3498","spacer_207","spacer_236",7675153,7676059,906,0.552680134539134
"pair_1758","spacer_156","spacer_202",7674196,7675142,946,0.552565747140584
"pair_610","spacer_98","spacer_110",7670642,7670713,71,0.552520543217137
"pair_2464","spacer_171","spacer_191",7674290,7675076,786,0.552496321507574
"pair_1103","spacer_125","spacer_136",7673577,7673716,139,0.552401260582147
"pair_2601","spacer_174","spacer_213",7674862,7675179,317,0.552278322501419
"pair_2471","spacer_171","spacer_198",7674290,7675125,835,0.552216681003022
"pair_1002","spacer_122","spacer_152",7673571,7673824,253,0.552119242350109
"pair_1241","spacer_134","spacer_140",7673714,7673745,31,0.552045755306274
"pair_2832","spacer_183","spacer_202",7674941,7675142,201,0.552043816879965
"pair_1962","spacer_160","spacer_202",7674210,7675142,932,0.55198349244593
"pair_4446","spacer_275","spacer_292",7676193,7676527,334,0.551972554248435
"pair_2728","spacer_180","spacer_189",7674926,7675057,131,0.551855909965606
"pair_307","spacer_73","spacer_96",7669709,7670635,926,0.551761264532225
"pair_4155","spacer_243","spacer_258",7676090,7676135,45,0.55175171801493
"pair_3674","spacer_215","spacer_270",7675184,7676173,989,0.551704142764452
"pair_1039","spacer_123","spacer_151",7673575,7673811,236,0.551660315983484
"pair_3995","spacer_231","spacer_242",7676037,7676089,52,0.551585317216741
"pair_2766","spacer_181","spacer_196",7674940,7675103,163,0.55133811422439
"pair_4170","spacer_243","spacer_282",7676090,7676253,163,0.551227679901893
"pair_2235","spacer_166","spacer_189",7674238,7675057,819,0.550741024339487
"pair_3033","spacer_190","spacer_201",7675073,7675136,63,0.550715167223385
"pair_436","spacer_80","spacer_110",7669762,7670713,951,0.550342080907573
"pair_938","spacer_120","spacer_164",7673563,7674234,671,0.550214357472081
"pair_4191","spacer_254","spacer_278",7676124,7676232,108,0.550106531788807
"pair_1110","spacer_125","spacer_146",7673577,7673779,202,0.550048652605614
"pair_2150","spacer_164","spacer_200",7674234,7675131,897,0.550019075499117
"pair_1133","spacer_125","spacer_169",7673577,7674266,689,0.549955800135051
"pair_679","spacer_112","spacer_152",7673232,7673824,592,0.54974932692446
"pair_197","spacer_60","spacer_73",7669630,7669709,79,0.549647320915965
"pair_4415","spacer_273","spacer_299",7676198,7676580,382,0.5496383339152
"pair_3028","spacer_190","spacer_196",7675073,7675103,30,0.549143600355782
"pair_3483","spacer_207","spacer_213",7675153,7675179,26,0.549052992027725
"pair_1535","spacer_148","spacer_152",7673789,7673824,35,0.549020452824012
"pair_2270","spacer_167","spacer_174",7674236,7674862,626,0.548914204719272
"pair_305","spacer_73","spacer_94",7669709,7670633,924,0.54870392141886
"pair_1220","spacer_130","spacer_151",7673608,7673811,203,0.548526008976018
"pair_1996","spacer_161","spacer_189",7674221,7675057,836,0.548362734176665
"pair_909","spacer_120","spacer_129",7673563,7673598,35,0.548355345772113
"pair_1600","spacer_151","spacer_158",7673811,7674205,394,0.548346354296474
"pair_124","spacer_42","spacer_44",7667311,7667347,36,0.54830935289227
"pair_2512","spacer_172","spacer_200",7674863,7675131,268,0.548301701897614
"pair_30","spacer_14","spacer_26",7666193,7667176,983,0.548185262198709
"pair_1040","spacer_123","spacer_152",7673575,7673824,249,0.547901338909058
"pair_4412","spacer_273","spacer_292",7676198,7676527,329,0.547772292523092
"pair_2605","spacer_174","spacer_217",7674862,7675194,332,0.547743131085858
"pair_2470","spacer_171","spacer_197",7674290,7675106,816,0.547735327676362
"pair_1282","spacer_135","spacer_151",7673715,7673811,96,0.547730598303085
"pair_1681","spacer_155","spacer_174",7674185,7674862,677,0.547677023726814
"pair_3756","spacer_224","spacer_231",7675227,7676037,810,0.54767309910651
"pair_3018","spacer_189","spacer_224",7675057,7675227,170,0.547483364210769
"pair_4398","spacer_272","spacer_299",7676186,7676580,394,0.547257840679672
"pair_716","spacer_113","spacer_149",7673251,7673783,532,0.547252297594972
"pair_2582","spacer_174","spacer_192",7674862,7675077,215,0.547072473299887
"pair_4090","spacer_236","spacer_299",7676059,7676580,521,0.547050474020679
"pair_2906","spacer_186","spacer_189",7674959,7675057,98,0.546720161965204
"pair_28","spacer_14","spacer_23",7666193,7666226,33,0.546323226150856
"pair_2585","spacer_174","spacer_195",7674862,7675095,233,0.545859923358703
"pair_3644","spacer_214","spacer_243",7675183,7676090,907,0.545744885394428
"pair_2300","spacer_167","spacer_207",7674236,7675153,917,0.545688874245578
"pair_2811","spacer_182","spacer_213",7674944,7675179,235,0.545667666161925
"pair_3459","spacer_206","spacer_215",7675150,7675184,34,0.54565737467079
"pair_1607","spacer_151","spacer_165",7673811,7674237,426,0.545590692639379
"pair_1467","spacer_144","spacer_168",7673769,7674262,493,0.54556658208932
"pair_4556","spacer_297","spacer_301",7676556,7676591,35,0.545475265464146
"pair_741","spacer_116","spacer_125",7673539,7673577,38,0.545403899358898
"pair_4395","spacer_272","spacer_292",7676186,7676527,341,0.545391799287563
"pair_568","spacer_92","spacer_107",7670631,7670675,44,0.545343277388268
"pair_4087","spacer_236","spacer_292",7676059,7676527,468,0.54518443262857
"pair_4541","spacer_288","spacer_296",7676266,7676555,289,0.545033331202151
"pair_3378","spacer_201","spacer_258",7675136,7676135,999,0.545030461541111
"pair_4512","spacer_283","spacer_297",7676254,7676556,302,0.544999625565634
"pair_1605","spacer_151","spacer_163",7673811,7674224,413,0.544963799391925
"pair_1221","spacer_130","spacer_152",7673608,7673824,216,0.544767031901592
"pair_693","spacer_113","spacer_118",7673251,7673537,286,0.544693476121188
"pair_1617","spacer_152","spacer_158",7673824,7674205,381,0.544587377222048
"pair_2123","spacer_164","spacer_171",7674234,7674290,56,0.544534952212364
"pair_3487","spacer_207","spacer_217",7675153,7675194,41,0.544517800612164
"pair_1711","spacer_155","spacer_207",7674185,7675153,968,0.54445169325312
"pair_1118","spacer_125","spacer_154",7673577,7673829,252,0.54437793770908
"pair_4019","spacer_231","spacer_287",7676037,7676265,228,0.544247337743463
"pair_723","spacer_113","spacer_156",7673251,7674196,945,0.54410634920507
"pair_1747","spacer_156","spacer_191",7674196,7675076,880,0.544047140838389
"pair_1283","spacer_135","spacer_152",7673715,7673824,109,0.543971621228659
"pair_797","spacer_117","spacer_144",7673536,7673769,233,0.543952808284105
"pair_3100","spacer_192","spacer_207",7675077,7675153,76,0.543847142826193
"pair_1754","spacer_156","spacer_198",7674196,7675125,929,0.543767500333838
"pair_640","spacer_105","spacer_110",7670669,7670713,44,0.543609008014437
"pair_2821","spacer_183","spacer_191",7674941,7675076,135,0.543525210577769
"pair_727","spacer_113","spacer_160",7673251,7674210,959,0.543524094510415
"pair_1951","spacer_160","spacer_191",7674210,7675076,866,0.543464886143735
"pair_2828","spacer_183","spacer_198",7674941,7675125,184,0.543245570073218
"pair_1958","spacer_160","spacer_198",7674210,7675125,915,0.543185245639183
"pair_3814","spacer_225","spacer_297",7675998,7676556,558,0.543110828891242
"pair_299","spacer_73","spacer_84",7669709,7669783,74,0.543073044640516
"pair_2447","spacer_171","spacer_172",7674290,7674863,573,0.542817578610861
"pair_1205","spacer_129","spacer_171",7673598,7674290,692,0.542675940512397
"pair_3191","spacer_195","spacer_207",7675095,7675153,58,0.542634592885009
"pair_4139","spacer_242","spacer_280",7676089,7676227,138,0.542556617129287
"pair_3657","spacer_215","spacer_227",7675184,7676023,839,0.542489422906671
"pair_3867","spacer_227","spacer_268",7676023,7676169,146,0.542436665499607
"pair_491","spacer_83","spacer_111",7669772,7670708,936,0.542330026915228
"pair_2276","spacer_167","spacer_182",7674236,7674944,708,0.542303548379779
"pair_1368","spacer_140","spacer_147",7673745,7673788,43,0.542145260965078
"pair_709","spacer_113","spacer_141",7673251,7673746,495,0.541909991857892
"pair_1624","spacer_152","spacer_165",7673824,7674237,413,0.541831715564953
"pair_3320","spacer_199","spacer_231",7675136,7676037,901,0.541813866966678
"pair_3000","spacer_189","spacer_199",7675057,7675136,79,0.541624132070937
"pair_1389","spacer_140","spacer_168",7673745,7674262,517,0.541552994575934
"pair_1114","spacer_125","spacer_150",7673577,7673788,211,0.541410656734909
"pair_3494","spacer_207","spacer_229",7675153,7676039,886,0.541290661655191
"pair_3444","spacer_204","spacer_231",7675149,7676037,888,0.541287698972295
"pair_1622","spacer_152","spacer_163",7673824,7674224,400,0.541204822317499
"pair_4529","spacer_286","spacer_296",7676264,7676555,291,0.541175854201231
"pair_4206","spacer_254","spacer_301",7676124,7676591,467,0.541174448967556
"pair_2815","spacer_182","spacer_217",7674944,7675194,250,0.541132474746364
"pair_1604","spacer_151","spacer_162",7673811,7674217,406,0.541119441863659
"pair_3005","spacer_189","spacer_204",7675057,7675149,92,0.541097964076554
"pair_616","spacer_99","spacer_110",7670646,7670713,67,0.541085056720334
"pair_3065","spacer_191","spacer_202",7675076,7675142,66,0.541070472069818
"pair_1687","spacer_155","spacer_182",7674185,7674944,759,0.54106636738732
"pair_2872","spacer_184","spacer_215",7674955,7675184,229,0.541019358388548
"pair_1150","spacer_128","spacer_151",7673597,7673811,214,0.541011992191659
"pair_293","spacer_73","spacer_78",7669709,7669755,46,0.540903929159225
"pair_3675","spacer_215","spacer_271",7675184,7676174,990,0.540788248155023
"pair_181","spacer_59","spacer_73",7669629,7669709,80,0.540730567957403
"pair_4195","spacer_254","spacer_283",7676124,7676254,130,0.540698809069043
"pair_2792","spacer_182","spacer_192",7674944,7675077,133,0.540461816960393
"pair_128","spacer_42","spacer_48",7667311,7667350,39,0.540327304008855
"pair_3998","spacer_231","spacer_256",7676037,7676127,90,0.540287944309239
"pair_3156","spacer_194","spacer_200",7675079,7675131,52,0.53994556846558
"pair_794","spacer_117","spacer_140",7673536,7673745,209,0.539939220770719
"pair_2578","spacer_174","spacer_188",7674862,7674971,109,0.539590326653287
"pair_4432","spacer_274","spacer_299",7676192,7676580,388,0.539572258818035
"pair_4119","spacer_241","spacer_297",7676088,7676556,468,0.539430842611888
"pair_1834","spacer_158","spacer_174",7674205,7674862,657,0.539388372842095
"pair_1753","spacer_156","spacer_197",7674196,7675106,910,0.539286147007178
"pair_2795","spacer_182","spacer_195",7674944,7675095,151,0.539249267019209
"pair_4001","spacer_231","spacer_260",7676037,7676142,105,0.539232843529939
"pair_1568","spacer_149","spacer_164",7673783,7674234,451,0.539231719933082
"pair_300","spacer_73","spacer_85",7669709,7669779,70,0.539089004019059
"pair_3358","spacer_201","spacer_214",7675136,7675183,47,0.53902362892061
"pair_3392","spacer_202","spacer_230",7675142,7676040,898,0.539019601718644
"pair_3788","spacer_225","spacer_254",7675998,7676124,126,0.538810012394652
"pair_919","spacer_120","spacer_145",7673563,7673772,209,0.538794267990933
"pair_2827","spacer_183","spacer_197",7674941,7675106,165,0.538764216746558
"pair_1957","spacer_160","spacer_197",7674210,7675106,896,0.538703892312523
"pair_3777","spacer_224","spacer_280",7675227,7676227,1000,0.538644399019056
"pair_2706","spacer_179","spacer_201",7674917,7675136,219,0.538476506705704
"pair_3418","spacer_203","spacer_231",7675143,7676037,894,0.537830545028981
"pair_4429","spacer_274","spacer_292",7676192,7676527,335,0.537706217425926
"pair_4330","spacer_268","spacer_277",7676169,7676225,56,0.53770240744164
"pair_3004","spacer_189","spacer_203",7675057,7675143,86,0.53764081013324
"pair_944","spacer_120","spacer_170",7673563,7674269,706,0.53757051266577
"pair_3497","spacer_207","spacer_235",7675153,7676055,902,0.537551927341502
"pair_3229","spacer_196","spacer_214",7675103,7675183,80,0.537452062053006
"pair_2429","spacer_170","spacer_200",7674269,7675131,862,0.537375230692807
"pair_1183","spacer_129","spacer_149",7673598,7673783,185,0.537372708233114
"pair_1621","spacer_152","spacer_162",7673824,7674217,393,0.537360464789233
"pair_2540","spacer_173","spacer_189",7674859,7675057,198,0.537302124047784
"pair_3986","spacer_230","spacer_288",7676040,7676266,226,0.537299954244985
"pair_1922","spacer_159","spacer_215",7674209,7675184,975,0.537271441994743
"pair_1151","spacer_128","spacer_152",7673597,7673824,227,0.537253015117233
"pair_317","spacer_73","spacer_108",7669709,7670681,972,0.537172533699571
"pair_1077","spacer_124","spacer_151",7673576,7673811,235,0.537076649930512
"pair_2701","spacer_179","spacer_196",7674917,7675103,186,0.5369049398381
"pair_3341","spacer_200","spacer_225",7675131,7675998,867,0.536813793386192
"pair_2328","spacer_168","spacer_189",7674262,7675057,795,0.53676585964552
"pair_862","spacer_118","spacer_164",7673537,7674234,697,0.536672898459299
"pair_2174","spacer_165","spacer_174",7674237,7674862,625,0.536632711185
"pair_2604","spacer_174","spacer_216",7674862,7675188,326,0.536481809833371
"pair_2981","spacer_188","spacer_207",7674971,7675153,182,0.536364996179593
"pair_3250","spacer_197","spacer_202",7675106,7675142,36,0.536309478238607
"pair_1306","spacer_136","spacer_144",7673716,7673769,53,0.536282846712791
"pair_310","spacer_73","spacer_100",7669709,7670647,938,0.53623683697942
"pair_1131","spacer_125","spacer_167",7673577,7674236,659,0.536186648369259
"pair_3988","spacer_230","spacer_296",7676040,7676555,515,0.53618350202244
"pair_1864","spacer_158","spacer_207",7674205,7675153,948,0.536163042368401
"pair_1722","spacer_156","spacer_164",7674196,7674234,38,0.53608577154318
"pair_2079","spacer_163","spacer_174",7674224,7674862,638,0.536005817937546
"pair_3574","spacer_210","spacer_231",7675156,7676037,881,0.535867545180837
"pair_983","spacer_121","spacer_171",7673559,7674290,731,0.535799075313648
"pair_3010","spacer_189","spacer_210",7675057,7675156,99,0.535677810285096
"pair_3957","spacer_229","spacer_299",7676039,7676580,541,0.535661001136736
"pair_2133","spacer_164","spacer_183",7674234,7674941,707,0.53556384128256
"pair_1926","spacer_160","spacer_164",7674210,7674234,24,0.535503516848525
"pair_2783","spacer_181","spacer_215",7674940,7675184,244,0.535424254995512
"pair_4496","spacer_280","spacer_287",7676227,7676265,38,0.535218637656009
"pair_4093","spacer_241","spacer_254",7676088,7676124,36,0.535130026115297
"pair_1119","spacer_125","spacer_155",7673577,7674185,608,0.5349494673768
"pair_833","spacer_118","spacer_129",7673537,7673598,61,0.534813886759331
"pair_4320","spacer_261","spacer_288",7676143,7676266,123,0.534676005879608
"pair_3820","spacer_226","spacer_231",7676008,7676037,29,0.534495088359072
"pair_2467","spacer_171","spacer_194",7674290,7675079,789,0.534461445178827
"pair_1730","spacer_156","spacer_172",7674196,7674863,667,0.534368397941676
"pair_3020","spacer_189","spacer_226",7675057,7676008,951,0.534305353463331
"pair_472","spacer_82","spacer_110",7669771,7670713,942,0.534285040961378
"pair_1190","spacer_129","spacer_156",7673598,7674196,598,0.534226759843212
"pair_637","spacer_104","spacer_110",7670660,7670713,53,0.534038086488324
"pair_2618","spacer_175","spacer_189",7674870,7675057,187,0.533992156680015
"pair_1413","spacer_141","spacer_164",7673746,7674234,488,0.533889414196002
"pair_2495","spacer_172","spacer_183",7674863,7674941,78,0.533846467681056
"pair_1468","spacer_144","spacer_169",7673769,7674266,497,0.533837386265696
"pair_3954","spacer_229","spacer_292",7676039,7676527,488,0.533794959744627
"pair_1934","spacer_160","spacer_172",7674210,7674863,653,0.533786143247022
"pair_1194","spacer_129","spacer_160",7673598,7674210,612,0.533644505148558
"pair_4322","spacer_261","spacer_296",7676143,7676555,412,0.533559553657063
"pair_3984","spacer_230","spacer_286",7676040,7676264,224,0.533442477244065
"pair_2204","spacer_165","spacer_207",7674237,7675153,916,0.533407380711306
"pair_301","spacer_73","spacer_86",7669709,7669783,74,0.53339570178283
"pair_1078","spacer_124","spacer_152",7673576,7673824,248,0.533317672856086
"pair_3548","spacer_209","spacer_231",7675155,7676037,882,0.533301405744611
"pair_3486","spacer_207","spacer_216",7675153,7675188,35,0.533256479359677
"pair_3045","spacer_190","spacer_215",7675073,7675184,111,0.533229741126904
"pair_3350","spacer_200","spacer_241",7675131,7676088,957,0.533133807106837
"pair_1491","spacer_145","spacer_171",7673772,7674290,518,0.533114862731216
"pair_3009","spacer_189","spacer_209",7675057,7675155,98,0.533111670848871
"pair_2152","spacer_164","spacer_202",7674234,7675142,908,0.533109102774609
"pair_2788","spacer_182","spacer_188",7674944,7674971,27,0.532979670313793
"pair_2946","spacer_187","spacer_200",7674960,7675131,171,0.532943899048753
"pair_2109","spacer_163","spacer_207",7674224,7675153,929,0.532780487463852
"pair_2597","spacer_174","spacer_208",7674862,7675154,292,0.532779344878464
"pair_1840","spacer_158","spacer_182",7674205,7674944,739,0.532777716502601
"pair_927","spacer_120","spacer_153",7673563,7673828,265,0.532564296074195
"pair_1428","spacer_142","spacer_151",7673747,7673811,64,0.532558991254607
"pair_3061","spacer_191","spacer_198",7675076,7675125,49,0.532272225263071
"pair_1303","spacer_136","spacer_140",7673716,7673745,29,0.532269259199406
"pair_2032","spacer_162","spacer_174",7674217,7674862,645,0.53216146040928
"pair_1176","spacer_129","spacer_141",7673598,7673746,148,0.532030402496035
"pair_4337","spacer_268","spacer_285",7676169,7676263,94,0.532028295965263
"pair_4057","spacer_235","spacer_299",7676055,7676580,525,0.531922266823046
"pair_931","spacer_120","spacer_157",7673563,7674200,637,0.53189354667738
"pair_2402","spacer_170","spacer_171",7674269,7674290,21,0.531891107406054
"pair_660","spacer_112","spacer_125",7673232,7673577,345,0.531822766194493
"pair_1808","spacer_157","spacer_200",7674200,7675131,931,0.531698264704416
"pair_2606","spacer_174","spacer_219",7674862,7675202,340,0.531630103767905
"pair_131","spacer_42","spacer_55",7667311,7667402,91,0.53154782058738
"pair_2514","spacer_172","spacer_202",7674863,7675142,279,0.531391729173105
"pair_4217","spacer_256","spacer_280",7676127,7676227,100,0.531259244221785
"pair_1112","spacer_125","spacer_148",7673577,7673789,212,0.531093892094045
"pair_4488","spacer_279","spacer_299",7676226,7676580,354,0.530947663701109
"pair_2674","spacer_176","spacer_207",7674871,7675153,282,0.530889819476607
"pair_3149","spacer_193","spacer_231",7675078,7676037,959,0.530842285256492
"pair_4318","spacer_261","spacer_286",7676143,7676264,121,0.530818528878688
"pair_2994","spacer_189","spacer_193",7675057,7675078,21,0.530652550360751
"pair_3086","spacer_191","spacer_230",7675076,7676040,964,0.530500995416449
"pair_961","spacer_121","spacer_149",7673559,7673783,224,0.530495843034365
"pair_412","spacer_79","spacer_107",7669761,7670675,914,0.530464079055844
"pair_3297","spacer_198","spacer_230",7675125,7676040,915,0.530221354911897
"pair_4289","spacer_260","spacer_280",7676142,7676227,85,0.530204143442485
"pair_4054","spacer_235","spacer_292",7676055,7676527,472,0.530056225430938
"pair_2180","spacer_165","spacer_182",7674237,7674944,707,0.530022054845506
"pair_1367","spacer_140","spacer_146",7673745,7673779,34,0.529916651222873
"pair_2814","spacer_182","spacer_216",7674944,7675188,244,0.529871153493877
"pair_1390","spacer_140","spacer_169",7673745,7674266,521,0.52982379875231
"pair_3022","spacer_189","spacer_228",7675057,7676024,967,0.529713270939137
"pair_4471","spacer_278","spacer_288",7676232,7676266,34,0.52948069258218
"pair_2085","spacer_163","spacer_182",7674224,7674944,720,0.529395161598052
"pair_752","spacer_116","spacer_144",7673539,7673769,230,0.529285485489542
"pair_342","spacer_74","spacer_107",7669735,7670675,940,0.529082849663147
"pair_4485","spacer_279","spacer_292",7676226,7676527,301,0.529081622309001
"pair_2062","spacer_162","spacer_207",7674217,7675153,936,0.528936129935586
"pair_1429","spacer_142","spacer_152",7673747,7673824,77,0.528800014180181
"pair_3488","spacer_207","spacer_219",7675153,7675202,49,0.528404773294211
"pair_4473","spacer_278","spacer_296",7676232,7676555,323,0.528364240359635
"pair_1453","spacer_144","spacer_154",7673769,7673829,60,0.528259523839725
"pair_4025","spacer_231","spacer_300",7676037,7676593,556,0.528042064125063
"pair_4149","spacer_242","spacer_297",7676089,7676556,467,0.528027956232906
"pair_827","spacer_118","spacer_121",7673537,7673559,22,0.527937021560582
"pair_3594","spacer_212","spacer_231",7675178,7676037,859,0.527933856452839
"pair_3060","spacer_191","spacer_197",7675076,7675106,30,0.527790871936411
"pair_3011","spacer_189","spacer_212",7675057,7675178,121,0.527744121557098
"pair_3669","spacer_215","spacer_258",7675184,7676135,951,0.52754503544463
"pair_2888","spacer_185","spacer_200",7674958,7675131,173,0.527534567153403
"pair_2650","spacer_176","spacer_182",7674871,7674944,73,0.527504493610807
"pair_4231","spacer_258","spacer_268",7676135,7676169,34,0.527492278037566
"pair_2460","spacer_171","spacer_187",7674290,7674960,670,0.527459775762
"pair_968","spacer_121","spacer_156",7673559,7674196,637,0.527349894644463
"pair_4334","spacer_268","spacer_282",7676169,7676253,84,0.526968239924529
"pair_1647","spacer_153","spacer_171",7673828,7674290,462,0.526884890814479
"pair_308","spacer_73","spacer_98",7669709,7670642,933,0.526859347833567
"pair_1100","spacer_125","spacer_130",7673577,7673608,31,0.526840471171625
"pair_4000","spacer_231","spacer_259",7676037,7676141,104,0.526820645265293
"pair_972","spacer_121","spacer_160",7673559,7674210,651,0.526767639949809
"pair_1122","spacer_125","spacer_158",7673577,7674205,628,0.526660816492082
"pair_1574","spacer_149","spacer_170",7673783,7674269,486,0.526587875126771
"pair_1781","spacer_157","spacer_171",7674200,7674290,90,0.526214141417663
"pair_2807","spacer_182","spacer_208",7674944,7675154,210,0.52616868853897
"pair_438","spacer_81","spacer_92",7669767,7670631,864,0.526071848156192
"pair_1102","spacer_125","spacer_135",7673577,7673715,138,0.526045060498693
"pair_1750","spacer_156","spacer_194",7674196,7675079,883,0.526012264509643
"pair_3968","spacer_230","spacer_261",7676040,7676143,103,0.525826176699898
"pair_3271","spacer_197","spacer_230",7675106,7676040,934,0.525740001585238
"pair_4519","spacer_284","spacer_299",7676258,7676580,322,0.525628468153899
"pair_4469","spacer_278","spacer_286",7676232,7676264,32,0.52562321558126
"pair_2038","spacer_162","spacer_182",7674217,7674944,727,0.525550804069786
"pair_2824","spacer_183","spacer_194",7674941,7675079,138,0.525490334249023
"pair_3842","spacer_226","spacer_280",7676008,7676227,219,0.525466388271617
"pair_1954","spacer_160","spacer_194",7674210,7675079,869,0.525430009814988
"pair_749","spacer_116","spacer_140",7673539,7673745,206,0.525271897976157
"pair_843","spacer_118","spacer_145",7673537,7673772,235,0.52525280897815
"pair_4009","spacer_231","spacer_275",7676037,7676193,156,0.525236628865265
"pair_954","spacer_121","spacer_141",7673559,7673746,187,0.525153537297286
"pair_2373","spacer_169","spacer_189",7674266,7675057,791,0.525036663821896
"pair_2816","spacer_182","spacer_219",7674944,7675202,258,0.525019447428412
"pair_1601","spacer_151","spacer_159",7673811,7674209,398,0.525016788234762
"pair_235","spacer_70","spacer_107",7669692,7670675,983,0.524879186959498
"pair_295","spacer_73","spacer_80",7669709,7669762,53,0.524680885524003
"pair_1476","spacer_145","spacer_156",7673772,7674196,424,0.524665682062031
"pair_731","spacer_113","spacer_164",7673251,7674234,983,0.524649704839094
"pair_572","spacer_92","spacer_111",7670631,7670708,77,0.52459776997909
"pair_2141","spacer_164","spacer_191",7674234,7675076,842,0.524590496472414
"pair_2595","spacer_174","spacer_206",7674862,7675150,288,0.52444473945643
"pair_2148","spacer_164","spacer_198",7674234,7675125,891,0.524310855967862
"pair_103","spacer_39","spacer_54",7667300,7667401,101,0.524280012568053
"pair_1375","spacer_140","spacer_154",7673745,7673829,84,0.524245936326339
"pair_1480","spacer_145","spacer_160",7673772,7674210,438,0.524083427367377
"pair_868","spacer_118","spacer_170",7673537,7674269,732,0.524029053652988
"pair_1129","spacer_125","spacer_165",7673577,7674237,660,0.523905154834986
"pair_4516","spacer_284","spacer_292",7676258,7676527,269,0.52376242676179
"pair_4123","spacer_242","spacer_254",7676089,7676124,35,0.523727139736315
"pair_1728","spacer_156","spacer_170",7674196,7674269,73,0.523441926736869
"pair_1127","spacer_125","spacer_163",7673577,7674224,647,0.523278261587532
"pair_3158","spacer_194","spacer_202",7675079,7675142,63,0.523035595741072
"pair_2412","spacer_170","spacer_183",7674269,7674941,672,0.522919996476249
"pair_2503","spacer_172","spacer_191",7674863,7675076,213,0.52287312287091
"pair_1932","spacer_160","spacer_170",7674210,7674269,59,0.522859672042215
"pair_702","spacer_113","spacer_129",7673251,7673598,347,0.522790693139127
"pair_2510","spacer_172","spacer_198",7674863,7675125,262,0.522593482366359
"pair_1394","spacer_141","spacer_145",7673746,7673772,26,0.522469324714854
"pair_2739","spacer_180","spacer_200",7674926,7675131,205,0.522191248372461
"pair_2458","spacer_171","spacer_185",7674290,7674958,668,0.52205044386665
"pair_3351","spacer_200","spacer_242",7675131,7676089,958,0.521730920727855
"pair_4363","spacer_270","spacer_299",7676173,7676580,407,0.521636516557942
"pair_1557","spacer_149","spacer_153",7673783,7673828,45,0.521581658535196
"pair_3651","spacer_214","spacer_268",7675183,7676169,986,0.521485445417064
"pair_1371","spacer_140","spacer_150",7673745,7673788,43,0.521278655352168
"pair_940","spacer_120","spacer_166",7673563,7674238,675,0.521271644719306
"pair_1618","spacer_152","spacer_159",7673824,7674209,385,0.521257811160336
"pair_1419","spacer_141","spacer_170",7673746,7674269,523,0.521245569389691
"pair_2246","spacer_166","spacer_200",7674238,7675131,893,0.521076362746342
"pair_4007","spacer_231","spacer_273",7676037,7676198,161,0.521036367139922
"pair_2718","spacer_179","spacer_215",7674917,7675184,267,0.520991080609222
"pair_1561","spacer_149","spacer_157",7673783,7674200,417,0.520910909138381
"pair_3912","spacer_228","spacer_280",7676024,7676227,203,0.520874305747423
"pair_592","spacer_95","spacer_107",7670634,7670675,41,0.52074999514024
"pair_4536","spacer_287","spacer_297",7676265,7676556,291,0.520689976759628
"pair_3977","spacer_230","spacer_278",7676040,7676232,192,0.520630863402469
"pair_4545","spacer_288","spacer_301",7676266,7676591,325,0.520548609760928
"pair_2431","spacer_170","spacer_202",7674269,7675142,873,0.520465257968298
"pair_1466","spacer_144","spacer_167",7673769,7674236,467,0.520068234499904
"pair_3387","spacer_202","spacer_225",7675142,7675998,856,0.519903820661683
"pair_2147","spacer_164","spacer_197",7674234,7675106,872,0.519829502641202
"pair_3762","spacer_224","spacer_254",7675227,7676124,897,0.519814921626085
"pair_2574","spacer_174","spacer_184",7674862,7674955,93,0.519806723174187
"pair_4360","spacer_270","spacer_292",7676173,7676527,354,0.519770475165833
"pair_624","spacer_101","spacer_107",7670651,7670675,24,0.519715117925958
"pair_1126","spacer_125","spacer_162",7673577,7674217,640,0.519433904059267
"pair_4553","spacer_296","spacer_301",7676555,7676591,36,0.519432157538383
"pair_1098","spacer_125","spacer_128",7673577,7673597,20,0.519326454387267
"pair_851","spacer_118","spacer_153",7673537,7673828,291,0.519022837061413
"pair_4502","spacer_280","spacer_300",7676227,7676593,366,0.519013364037609
"pair_1743","spacer_156","spacer_187",7674196,7674960,764,0.519010595092815
"pair_4511","spacer_283","spacer_296",7676254,7676555,301,0.518956517639871
"pair_935","spacer_120","spacer_161",7673563,7674221,658,0.518893354556484
"pair_576","spacer_93","spacer_107",7670632,7670675,43,0.518876367523902
"pair_1454","spacer_144","spacer_155",7673769,7674185,416,0.518831053507445
"pair_2007","spacer_161","spacer_200",7674221,7675131,910,0.51869807258352
"pair_4006","spacer_231","spacer_272",7676037,7676186,149,0.518655873904393
"pair_145","spacer_44","spacer_56",7667347,7667403,56,0.518483290120758
"pair_3993","spacer_231","spacer_236",7676037,7676059,22,0.5184485072454
"pair_1632","spacer_153","spacer_156",7673828,7674196,368,0.518435710145294
"pair_1947","spacer_160","spacer_187",7674210,7674960,750,0.518428340398161
"pair_855","spacer_118","spacer_157",7673537,7674200,663,0.518352087664598
"pair_3811","spacer_225","spacer_288",7675998,7676266,268,0.518184173188024
"pair_2509","spacer_172","spacer_197",7674863,7675106,243,0.518112129039699
"pair_994","spacer_122","spacer_144",7673571,7673769,198,0.518074267750787
"pair_3492","spacer_207","spacer_227",7675153,7676023,870,0.518051457218617
"pair_4311","spacer_261","spacer_278",7676143,7676232,89,0.518006915037092
"pair_314","spacer_73","spacer_105",7669709,7670669,960,0.517947812630867
"pair_1636","spacer_153","spacer_160",7673828,7674210,382,0.51785345545064
"pair_2805","spacer_182","spacer_206",7674944,7675150,206,0.517834083116936
"pair_3340","spacer_200","spacer_224",7675131,7675227,96,0.517818702617624
"pair_4265","spacer_259","spacer_280",7676141,7676227,86,0.517791945177839
"pair_911","spacer_120","spacer_134",7673563,7673714,151,0.517789240755678
"pair_96","spacer_39","spacer_43",7667300,7667324,24,0.517446694539737
"pair_72","spacer_28","spacer_39",7667212,7667300,88,0.517423910166241
"pair_1791","spacer_157","spacer_183",7674200,7674941,741,0.517243030487859
"pair_3813","spacer_225","spacer_296",7675998,7676555,557,0.517067720965479
"pair_2917","spacer_186","spacer_200",7674959,7675131,172,0.517055500372059
"pair_4227","spacer_256","spacer_297",7676127,7676556,429,0.516730583325404
"pair_2453","spacer_171","spacer_180",7674290,7674926,636,0.516707125085708
"pair_4533","spacer_286","spacer_301",7676264,7676591,327,0.516691132760009
"pair_2865","spacer_184","spacer_207",7674955,7675153,198,0.516581392700493
"pair_4199","spacer_254","spacer_287",7676124,7676265,141,0.516389160263038
"pair_1402","spacer_141","spacer_153",7673746,7673828,82,0.516239352798117
"pair_3396","spacer_202","spacer_241",7675142,7676088,946,0.516223834382328
"pair_4438","spacer_275","spacer_280",7676193,7676227,34,0.516207928777811
"pair_1885","spacer_159","spacer_174",7674209,7674862,653,0.516058806780383
"pair_1388","spacer_140","spacer_167",7673745,7674236,491,0.516054646986518
"pair_2948","spacer_187","spacer_202",7674960,7675142,182,0.516033926324244
"pair_696","spacer_113","spacer_121",7673251,7673559,308,0.515913827940378
"pair_671","spacer_112","spacer_144",7673232,7673769,537,0.515704352325138
"pair_4299","spacer_260","spacer_297",7676142,7676556,414,0.515675482546104
"pair_2219","spacer_166","spacer_171",7674238,7674290,52,0.515592239459589
"pair_1406","spacer_141","spacer_157",7673746,7674200,454,0.515568603401301
"pair_309","spacer_73","spacer_99",7669709,7670646,937,0.515423861336764
"pair_262","spacer_71","spacer_107",7669705,7670675,970,0.515044814102395
"pair_1449","spacer_144","spacer_148",7673769,7673789,20,0.51497547822469
"pair_2124","spacer_164","spacer_172",7674234,7674863,629,0.514911753575701
"pair_3617","spacer_213","spacer_231",7675179,7676037,858,0.514821364733991
"pair_1376","spacer_140","spacer_155",7673745,7674185,440,0.514817465994059
"pair_1810","spacer_157","spacer_202",7674200,7675142,942,0.514788291979908
"pair_1198","spacer_129","spacer_164",7673598,7674234,636,0.514770115477237
"pair_3012","spacer_189","spacer_213",7675057,7675179,122,0.51463162983825
"pair_4116","spacer_241","spacer_288",7676088,7676266,178,0.51450418690867
"pair_3809","spacer_225","spacer_286",7675998,7676264,266,0.514326696187104
"pair_3154","spacer_194","spacer_198",7675079,7675125,46,0.514237348934325
"pair_2571","spacer_174","spacer_181",7674862,7674940,78,0.514211619781151
"pair_907","spacer_119","spacer_171",7673559,7674290,731,0.514084271821132
"pair_991","spacer_122","spacer_140",7673571,7673745,174,0.514060680237401
"pair_3326","spacer_199","spacer_254",7675136,7676124,988,0.513955689486252
"pair_1032","spacer_123","spacer_144",7673575,7673769,194,0.513856364309736
"pair_1741","spacer_156","spacer_185",7674196,7674958,762,0.513601263197466
"pair_3450","spacer_204","spacer_254",7675149,7676124,975,0.513429521491869
"pair_4118","spacer_241","spacer_296",7676088,7676555,467,0.513387734686125
"pair_712","spacer_113","spacer_145",7673251,7673772,521,0.513229615357946
"pair_1980","spacer_161","spacer_171",7674221,7674290,69,0.513213949296767
"pair_125","spacer_42","spacer_45",7667311,7667344,33,0.513087537231399
"pair_1945","spacer_160","spacer_185",7674210,7674958,748,0.513019008502811
"pair_1915","spacer_159","spacer_207",7674209,7675153,944,0.512833476306689
"pair_3179","spacer_194","spacer_230",7675079,7676040,961,0.512466119087702
"pair_3888","spacer_227","spacer_299",7676023,7676580,557,0.512421796700161
"pair_100","spacer_39","spacer_47",7667300,7667349,49,0.512387286519027
"pair_2490","spacer_171","spacer_224",7674290,7675227,937,0.512334579330871
"pair_1271","spacer_134","spacer_171",7673714,7674290,576,0.512109835495962
"pair_2580","spacer_174","spacer_190",7674862,7675073,211,0.512017105912543
"pair_4404","spacer_273","spacer_280",7676198,7676227,29,0.512007667052468
"pair_630","spacer_103","spacer_107",7670646,7670675,29,0.511991494591583
"pair_2420","spacer_170","spacer_191",7674269,7675076,807,0.511946651666103
"pair_3992","spacer_230","spacer_301",7676040,7676591,551,0.511698780581218
"pair_668","spacer_112","spacer_140",7673232,7673745,513,0.511690764811752
"pair_2427","spacer_170","spacer_198",7674269,7675125,856,0.511667011161552
"pair_474","spacer_83","spacer_92",7669772,7670631,859,0.511637436494371
"pair_2459","spacer_171","spacer_186",7674290,7674959,669,0.511571377085306
"pair_3081","spacer_191","spacer_225",7675076,7675998,922,0.511385214359488
"pair_2283","spacer_167","spacer_189",7674236,7675057,821,0.511267512056103
"pair_3981","spacer_230","spacer_283",7676040,7676254,214,0.511223140682705
"pair_3292","spacer_198","spacer_225",7675125,7675998,873,0.511105573854936
"pair_2776","spacer_181","spacer_207",7674940,7675153,213,0.510986289307457
"pair_4008","spacer_231","spacer_274",7676037,7676192,155,0.510970292042756
"pair_1369","spacer_140","spacer_148",7673745,7673789,44,0.510961890711304
"pair_3852","spacer_226","spacer_297",7676008,7676556,548,0.510937727375236
"pair_1107","spacer_125","spacer_142",7673577,7673747,170,0.510873453450215
"pair_1213","spacer_130","spacer_144",7673608,7673769,161,0.51072205730227
"pair_4381","spacer_271","spacer_299",7676174,7676580,406,0.510720621948513
"pair_4114","spacer_241","spacer_286",7676088,7676264,176,0.51064670990775
"pair_2890","spacer_185","spacer_202",7674958,7675142,184,0.510624594428895
"pair_3885","spacer_227","spacer_292",7676023,7676527,504,0.510555755308052
"pair_1457","spacer_144","spacer_158",7673769,7674205,436,0.510542402622726
"pair_289","spacer_72","spacer_107",7669706,7670675,969,0.510518577625213
"pair_161","spacer_48","spacer_56",7667350,7667403,53,0.510501241237343
"pair_3354","spacer_200","spacer_256",7675131,7676127,996,0.510433547820353
"pair_1570","spacer_149","spacer_166",7673783,7674238,455,0.510289007180307
"pair_3706","spacer_217","spacer_231",7675194,7676037,843,0.51028617331843
"pair_3016","spacer_189","spacer_217",7675057,7675194,137,0.510096438422689
"pair_1694","spacer_155","spacer_189",7674185,7675057,872,0.510030331063645
"pair_369","spacer_75","spacer_107",7669736,7670675,939,0.510028879478217
"pair_3424","spacer_203","spacer_254",7675143,7676124,981,0.509972367548556
"pair_1275","spacer_135","spacer_144",7673715,7673769,54,0.509926646629338
"pair_1029","spacer_123","spacer_140",7673575,7673745,170,0.50984277679635
"pair_322","spacer_74","spacer_81",7669735,7669767,32,0.509811420431072
"pair_3153","spacer_194","spacer_197",7675079,7675106,27,0.509755995607665
"pair_416","spacer_79","spacer_111",7669761,7670708,947,0.509718571646666
"pair_4387","spacer_272","spacer_280",7676186,7676227,41,0.509627173816939
"pair_3118","spacer_192","spacer_231",7675077,7676037,960,0.509615515532459
"pair_1891","spacer_159","spacer_182",7674209,7674944,735,0.509448150440889
"pair_2993","spacer_189","spacer_192",7675057,7675077,20,0.509425780636718
"pair_4079","spacer_236","spacer_280",7676059,7676227,168,0.509419807157946
"pair_3781","spacer_225","spacer_230",7675998,7676040,42,0.509334344008314
"pair_4326","spacer_261","spacer_301",7676143,7676591,448,0.509074832215841
"pair_4378","spacer_271","spacer_292",7676174,7676527,353,0.508854580556405
"pair_3038","spacer_190","spacer_207",7675073,7675153,80,0.508791775438849
"pair_885","spacer_119","spacer_149",7673559,7673783,224,0.50878103954185
"pair_297","spacer_73","spacer_82",7669709,7669771,62,0.508623845577808
"pair_4315","spacer_261","spacer_283",7676143,7676254,111,0.508599192317328
"pair_3209","spacer_195","spacer_231",7675095,7676037,942,0.508402965591275
"pair_313","spacer_73","spacer_104",7669709,7670660,951,0.508376891104754
"pair_346","spacer_74","spacer_111",7669735,7670708,973,0.508337342253969
"pair_1736","spacer_156","spacer_180",7674196,7674926,730,0.508257944416524
"pair_2996","spacer_189","spacer_195",7675057,7675095,38,0.508213230695534
"pair_3580","spacer_210","spacer_254",7675156,7676124,968,0.508009367700411
"pair_126","spacer_42","spacer_46",7667311,7667345,34,0.507915710191716
"pair_1565","spacer_149","spacer_161",7673783,7674221,438,0.507910717017484
"pair_976","spacer_121","spacer_164",7673559,7674234,675,0.507893250278488
"pair_921","spacer_120","spacer_147",7673563,7673788,225,0.507888746414482
"pair_1464","spacer_144","spacer_165",7673769,7674237,468,0.507786740965631
"pair_864","spacer_118","spacer_166",7673537,7674238,701,0.507730185706524
"pair_4462","spacer_277","spacer_299",7676225,7676580,355,0.507687538642194
"pair_1940","spacer_160","spacer_180",7674210,7674926,716,0.507675689721869
"pair_2551","spacer_173","spacer_200",7674859,7675131,272,0.507637462454639
"pair_2937","spacer_187","spacer_191",7674960,7675076,116,0.507515320022049
"pair_3301","spacer_198","spacer_241",7675125,7676088,963,0.507425587575582
"pair_942","spacer_120","spacer_168",7673563,7674262,699,0.507296480025338
"pair_2944","spacer_187","spacer_198",7674960,7675125,165,0.507235679517498
"pair_2426","spacer_170","spacer_197",7674269,7675106,837,0.507185657834892
"pair_1462","spacer_144","spacer_163",7673769,7674224,455,0.507159847718177
"pair_1724","spacer_156","spacer_166",7674196,7674238,42,0.507143058790405
"pair_2339","spacer_168","spacer_200",7674262,7675131,869,0.507101198052374
"pair_720","spacer_113","spacer_153",7673251,7673828,577,0.506999643441209
"pair_3023","spacer_189","spacer_229",7675057,7676039,982,0.506869299465716
"pair_1249","spacer_134","spacer_149",7673714,7673783,69,0.506806603216679
"pair_3793","spacer_225","spacer_261",7675998,7676143,145,0.506710395642937
"pair_1210","spacer_130","spacer_140",7673608,7673745,137,0.506708469788884
"pair_3826","spacer_226","spacer_254",7676008,7676124,116,0.506636910878646
"pair_3266","spacer_197","spacer_225",7675106,7675998,892,0.506624220528276
"pair_2229","spacer_166","spacer_183",7674238,7674941,703,0.506621128529785
"pair_1928","spacer_160","spacer_166",7674210,7674238,28,0.50656080409575
"pair_2144","spacer_164","spacer_194",7674234,7675079,845,0.506555620143667
"pair_1379","spacer_140","spacer_158",7673745,7674205,460,0.506528815109341
"pair_2472","spacer_171","spacer_199",7674290,7675136,846,0.506475347191039
"pair_3922","spacer_228","spacer_297",7676024,7676556,532,0.506345644851042
"pair_724","spacer_113","spacer_157",7673251,7674200,949,0.506328894044393
"pair_1799","spacer_157","spacer_191",7674200,7675076,876,0.506269685677713
"pair_825","spacer_118","spacer_119",7673537,7673559,22,0.506222218068066
"pair_947","spacer_121","spacer_129",7673559,7673598,39,0.50603423857852
"pair_3332","spacer_200","spacer_210",7675131,7675156,25,0.506013148691951
"pair_1806","spacer_157","spacer_198",7674200,7675125,925,0.505990045173161
"pair_2477","spacer_171","spacer_204",7674290,7675149,859,0.505949179196656
"pair_1272","spacer_135","spacer_140",7673715,7673745,30,0.505913059115952
"pair_4459","spacer_277","spacer_292",7676225,7676527,302,0.505821497250085
"pair_781","spacer_117","spacer_120",7673536,7673563,27,0.505682706220123
"pair_3960","spacer_230","spacer_241",7676040,7676088,48,0.505654357728959
"pair_892","spacer_119","spacer_156",7673559,7674196,637,0.505635091151948
"pair_215","spacer_70","spacer_81",7669692,7669767,75,0.505607757727422
"pair_3554","spacer_209","spacer_254",7675155,7676124,969,0.505443228264186
"pair_2790","spacer_182","spacer_190",7674944,7675073,129,0.505406449573049
"pair_859","spacer_118","spacer_161",7673537,7674221,684,0.505351895543701
"pair_2741","spacer_180","spacer_202",7674926,7675142,216,0.505281275647953
"pair_1484","spacer_145","spacer_164",7673772,7674234,462,0.505209037696056
"pair_896","spacer_119","spacer_160",7673559,7674210,651,0.505052836457293
"pair_1415","spacer_141","spacer_166",7673746,7674238,492,0.504946701443227
"pair_2506","spacer_172","spacer_194",7674863,7675079,216,0.504838246542164
"pair_3397","spacer_202","spacer_242",7675142,7676089,947,0.504820948003347
"pair_559","spacer_87","spacer_107",7669784,7670675,891,0.504818390786568
"pair_1719","spacer_156","spacer_161",7674196,7674221,25,0.504764768627582
"pair_3342","spacer_200","spacer_226",7675131,7676008,877,0.504640691870186
"pair_4555","spacer_297","spacer_300",7676556,7676593,37,0.504484703141228
"pair_2629","spacer_175","spacer_200",7674870,7675131,261,0.504327495086869
"pair_835","spacer_118","spacer_134",7673537,7673714,177,0.504247781742896
"pair_1990","spacer_161","spacer_183",7674221,7674941,720,0.504242838366963
"pair_2248","spacer_166","spacer_202",7674238,7675142,904,0.504166390021834
"pair_2122","spacer_164","spacer_170",7674234,7674269,35,0.503985282370894
"pair_4477","spacer_278","spacer_301",7676232,7676591,359,0.503879518918412
"pair_1386","spacer_140","spacer_165",7673745,7674237,492,0.503773153452245
"pair_1256","spacer_134","spacer_156",7673714,7674196,482,0.503660654826777
"pair_3331","spacer_200","spacer_209",7675131,7675155,24,0.503447009255725
"pair_878","spacer_119","spacer_141",7673559,7673746,187,0.50343873380477
"pair_4466","spacer_278","spacer_283",7676232,7676254,22,0.5034038790199
"pair_2847","spacer_183","spacer_224",7674941,7675227,286,0.503363468401067
"pair_1179","spacer_129","spacer_145",7673598,7673772,174,0.503350025996088
"pair_1123","spacer_125","spacer_159",7673577,7674209,632,0.503331250430369
"pair_1461","spacer_144","spacer_162",7673769,7674217,448,0.503315490189911
"pair_4275","spacer_259","spacer_297",7676141,7676556,415,0.503263284281458
"pair_1143","spacer_128","spacer_144",7673597,7673769,172,0.503208040517912
"pair_1384","spacer_140","spacer_163",7673745,7674224,479,0.503146260204791
"pair_3026","spacer_189","spacer_235",7675057,7676055,998,0.503130565152027
"pair_1742","spacer_156","spacer_186",7674196,7674959,763,0.503122196416121
"pair_3504","spacer_207","spacer_258",7675153,7676135,982,0.503107069756575
"pair_4146","spacer_242","spacer_288",7676089,7676266,177,0.503101300529688
"pair_1260","spacer_134","spacer_160",7673714,7674210,496,0.503078400132123
"pair_4098","spacer_241","spacer_261",7676088,7676143,55,0.503030409363582
"pair_3275","spacer_197","spacer_241",7675106,7676088,982,0.502944234248922
"pair_2943","spacer_187","spacer_197",7674960,7675106,146,0.502754326190838
"pair_1410","spacer_141","spacer_161",7673746,7674221,475,0.502568411280405
"pair_1946","spacer_160","spacer_186",7674210,7674959,749,0.502539941721467
"pair_2476","spacer_171","spacer_203",7674290,7675143,853,0.502492025253342
"pair_4012","spacer_231","spacer_279",7676037,7676226,189,0.502345696925831
"pair_2403","spacer_170","spacer_172",7674269,7674863,594,0.50226790876939
"pair_1533","spacer_147","spacer_171",7673788,7674290,502,0.502209341154765
"pair_2448","spacer_171","spacer_173",7674290,7674859,569,0.502153339167886
"pair_1204","spacer_129","spacer_170",7673598,7674269,671,0.502126270670926
"pair_2879","spacer_185","spacer_191",7674958,7675076,118,0.5021059881267
"pair_3896","spacer_228","spacer_254",7676024,7676124,100,0.502044828354452
"pair_4525","spacer_285","spacer_299",7676263,7676580,317,0.502013427165817
"pair_4148","spacer_242","spacer_296",7676089,7676555,466,0.501984848307143
"pair_2964","spacer_188","spacer_189",7674971,7675057,86,0.501943633990118
"pair_4421","spacer_274","spacer_280",7676192,7676227,35,0.501941591955302
"pair_2886","spacer_185","spacer_198",7674958,7675125,167,0.501826347622148
"pair_2009","spacer_161","spacer_202",7674221,7675142,921,0.501788099859012
"pair_1847","spacer_158","spacer_189",7674205,7675057,852,0.501741680178926
"pair_4448","spacer_275","spacer_297",7676193,7676556,363,0.50167926788143
"pair_2312","spacer_168","spacer_171",7674262,7674290,28,0.501617074765621
"pair_450","spacer_81","spacer_106",7669767,7670664,897,0.501548331368302
"pair_3802","spacer_225","spacer_278",7675998,7676232,234,0.501515082345508
"pair_1805","spacer_157","spacer_197",7674200,7675106,906,0.501508691846501
"pair_441","spacer_81","spacer_95",7669767,7670634,867,0.501478565908164
"pair_1242","spacer_134","spacer_141",7673714,7673746,32,0.5014642974796
"pair_3125","spacer_193","spacer_200",7675078,7675131,53,0.500987888767606
"pair_3386","spacer_202","spacer_224",7675142,7675227,85,0.500908729893116
"pair_2482","spacer_171","spacer_210",7674290,7675156,866,0.500529025405198
"pair_446","spacer_81","spacer_101",7669767,7670651,884,0.500443688693882
"pair_2602","spacer_174","spacer_214",7674862,7675183,321,0.500325567609768
"pair_4205","spacer_254","spacer_300",7676124,7676593,469,0.500183886644637
"pair_4522","spacer_285","spacer_292",7676263,7676527,264,0.500147385773708
"pair_2919","spacer_186","spacer_202",7674959,7675142,183,0.500145527647551
"pair_3600","spacer_212","spacer_254",7675178,7676124,946,0.500075678972413
"pair_644","spacer_106","spacer_111",7670664,7670708,44,0.500074253191199
"pair_3344","spacer_200","spacer_228",7675131,7676024,893,0.500048609345991
"pair_596","spacer_95","spacer_111",7670634,7670708,74,0.500004487731062
"pair_824","spacer_117","spacer_171",7673536,7674290,754,0.500003300960406
"pair_2569","spacer_174","spacer_179",7674862,7674917,55,0.499778445394862
"pair_439","spacer_81","spacer_93",7669767,7670632,865,0.499604938291827
"pair_2137","spacer_164","spacer_187",7674234,7674960,726,0.49955395072684
"pair_1383","spacer_140","spacer_162",7673745,7674217,472,0.499301902676526
"pair_1070","spacer_124","spacer_144",7673576,7673769,193,0.499272698256765
"pair_4144","spacer_242","spacer_286",7676089,7676264,175,0.499243823528768
"pair_1140","spacer_128","spacer_140",7673597,7673745,148,0.499194453004526
"pair_3683","spacer_216","spacer_231",7675188,7676037,849,0.499024852065943
"pair_2187","spacer_165","spacer_189",7674237,7675057,820,0.498986018521831
"pair_1640","spacer_153","spacer_164",7673828,7674234,406,0.498979065779319
"pair_628","spacer_101","spacer_111",7670651,7670708,57,0.498969610516779
"pair_2450","spacer_171","spacer_175",7674290,7674870,580,0.498843371800116
"pair_3015","spacer_189","spacer_216",7675057,7675188,131,0.498835117170202
"pair_2092","spacer_163","spacer_189",7674224,7675057,833,0.498359125274377
"pair_1774","spacer_157","spacer_164",7674200,7674234,34,0.498308316382504
"pair_580","spacer_93","spacer_111",7670632,7670708,76,0.498130860114724
"pair_3333","spacer_200","spacer_212",7675131,7675178,47,0.498079459963953
"pair_3946","spacer_229","spacer_280",7676039,7676227,188,0.498030334274003
"pair_1755","spacer_156","spacer_199",7674196,7675136,940,0.498026166521854
"pair_913","spacer_120","spacer_136",7673563,7673716,153,0.49801274464881
"pair_2481","spacer_171","spacer_209",7674290,7675155,865,0.497962885968972
"pair_2499","spacer_172","spacer_187",7674863,7674960,97,0.497836577125336
"pair_4107","spacer_241","spacer_278",7676088,7676232,144,0.497835096066154
"pair_2829","spacer_183","spacer_199",7674941,7675136,195,0.497504236261235
"pair_1760","spacer_156","spacer_204",7674196,7675149,953,0.497499998527471
"pair_4414","spacer_273","spacer_297",7676198,7676556,358,0.497479006156087
"pair_4252","spacer_258","spacer_299",7676135,7676580,445,0.49747740923812
"pair_1959","spacer_160","spacer_199",7674210,7675136,926,0.4974439118272
"pair_4189","spacer_254","spacer_275",7676124,7676193,69,0.497378451384839
"pair_2885","spacer_185","spacer_197",7674958,7675106,148,0.497344994295488
"pair_60","spacer_26","spacer_42",7667176,7667311,135,0.497161192019524
"pair_1187","spacer_129","spacer_153",7673598,7673828,230,0.497120054079351
"pair_3484","spacer_207","spacer_214",7675153,7675183,30,0.497100237136074
"pair_4016","spacer_231","spacer_284",7676037,7676258,221,0.49702650137862
"pair_2834","spacer_183","spacer_204",7674941,7675149,208,0.496978068266852
"pair_4507","spacer_282","spacer_299",7676253,7676580,327,0.496953371125083
"pair_1964","spacer_160","spacer_204",7674210,7675149,939,0.496917743832817
"pair_2730","spacer_180","spacer_191",7674926,7675076,150,0.496762669345758
"pair_1782","spacer_157","spacer_172",7674200,7674863,663,0.496590942781
"pair_2711","spacer_179","spacer_207",7674917,7675153,236,0.496553114921168
"pair_2737","spacer_180","spacer_198",7674926,7675125,199,0.496483028841206
"pair_957","spacer_121","spacer_145",7673559,7673772,213,0.49647316079734
"pair_2657","spacer_176","spacer_189",7674871,7675057,186,0.496468457287132
"pair_1191","spacer_129","spacer_157",7673598,7674200,602,0.496449304682536
"pair_1572","spacer_149","spacer_168",7673783,7674262,479,0.496313842486339
"pair_3302","spacer_198","spacer_242",7675125,7676089,964,0.4960227011966
"pair_242","spacer_71","spacer_81",7669705,7669767,62,0.495773384870319
"pair_733","spacer_113","spacer_166",7673251,7674238,987,0.495706992086319
"pair_920","spacer_120","spacer_146",7673563,7673779,216,0.495660136672277
"pair_2237","spacer_166","spacer_191",7674238,7675076,838,0.495647783719639
"pair_4249","spacer_258","spacer_292",7676135,7676527,392,0.495611367846011
"pair_943","spacer_120","spacer_169",7673563,7674266,703,0.495567284201714
"pair_2466","spacer_171","spacer_193",7674290,7675078,788,0.495503765480853
"pair_324","spacer_74","spacer_83",7669735,7669772,37,0.49537700876925
"pair_2384","spacer_169","spacer_200",7674266,7675131,865,0.49537200222875
"pair_2244","spacer_166","spacer_198",7674238,7675125,887,0.495368143215087
"pair_3522","spacer_208","spacer_231",7675154,7676037,883,0.495322387111036
"pair_1067","spacer_124","spacer_140",7673576,7673745,169,0.495259110743379
"pair_982","spacer_121","spacer_170",7673559,7674269,710,0.495249405472177
"pair_3008","spacer_189","spacer_208",7675057,7675154,97,0.495132652215295
"pair_4397","spacer_272","spacer_297",7676186,7676556,370,0.495098512920558
"pair_4504","spacer_282","spacer_292",7676253,7676527,274,0.495087329732975
"pair_114","spacer_40","spacer_56",7667305,7667403,98,0.494953737127024
"pair_4089","spacer_236","spacer_297",7676059,7676556,497,0.494891146261565
"pair_1421","spacer_142","spacer_144",7673747,7673769,22,0.494755039580859
"pair_802","spacer_117","spacer_149",7673536,7673783,247,0.494700068681124
"pair_4535","spacer_287","spacer_296",7676265,7676555,290,0.494646868833865
"pair_2045","spacer_162","spacer_189",7674217,7675057,840,0.494514767746111
"pair_4515","spacer_283","spacer_301",7676254,7676591,337,0.494471796198648
"pair_845","spacer_118","spacer_147",7673537,7673788,251,0.4943472874017
"pair_4046","spacer_235","spacer_280",7676055,7676227,172,0.494291599960314
"pair_3961","spacer_230","spacer_242",7676040,7676089,49,0.494251471349977
"pair_694","spacer_113","spacer_119",7673251,7673559,308,0.494199024447862
"pair_3731","spacer_219","spacer_231",7675202,7676037,835,0.494173146000477
"pair_2135","spacer_164","spacer_185",7674234,7674958,724,0.49414461883149
"pair_1759","spacer_156","spacer_203",7674196,7675143,947,0.494042844584158
"pair_3017","spacer_189","spacer_219",7675057,7675202,145,0.493983411104736
"pair_2423","spacer_170","spacer_194",7674269,7675079,810,0.493911775337357
"pair_1518","spacer_147","spacer_156",7673788,7674196,408,0.493760160485581
"pair_866","spacer_118","spacer_168",7673537,7674262,725,0.493755021012556
"pair_2812","spacer_182","spacer_214",7674944,7675183,239,0.493714911270274
"pair_1731","spacer_156","spacer_173",7674196,7674859,663,0.493704158498701
"pair_3400","spacer_202","spacer_256",7675142,7676127,985,0.493523575095845
"pair_2833","spacer_183","spacer_203",7674941,7675143,202,0.493520914323538
"pair_1963","spacer_160","spacer_203",7674210,7675143,933,0.493460589889503
"pair_3174","spacer_194","spacer_225",7675079,7675998,919,0.493350338030742
"pair_728","spacer_113","spacer_161",7673251,7674221,970,0.493328701923497
"pair_1998","spacer_161","spacer_191",7674221,7675076,855,0.493269493556816
"pair_2534","spacer_173","spacer_183",7674859,7674941,82,0.493182228238081
"pair_4187","spacer_254","spacer_273",7676124,7676198,74,0.493178189659496
"pair_1522","spacer_147","spacer_160",7673788,7674210,422,0.493177905790926
"pair_1726","spacer_156","spacer_168",7674196,7674262,66,0.493167894096437
"pair_2687","spacer_179","spacer_182",7674917,7674944,27,0.493167789055368
"pair_1935","spacer_160","spacer_173",7674210,7674859,649,0.493121903804047
"pair_4004","spacer_231","spacer_270",7676037,7676173,136,0.493034549782664
"pair_2005","spacer_161","spacer_198",7674221,7675125,904,0.492989853052265
"pair_447","spacer_81","spacer_103",7669767,7670646,879,0.492720065359507
"pair_2322","spacer_168","spacer_183",7674262,7674941,679,0.492645963835817
"pair_2483","spacer_171","spacer_212",7674290,7675178,888,0.4925953366772
"pair_1930","spacer_160","spacer_168",7674210,7674262,52,0.492585639401782
"pair_3817","spacer_225","spacer_301",7675998,7676591,593,0.492582999524257
"pair_1490","spacer_145","spacer_170",7673772,7674269,497,0.492565192889745
"pair_600","spacer_96","spacer_107",7670635,7670675,40,0.492504938338688
"pair_3403","spacer_202","spacer_260",7675142,7676142,1000,0.492468474316545
"pair_2497","spacer_172","spacer_185",7674863,7674958,95,0.492427245229987
"pair_3080","spacer_191","spacer_224",7675076,7675227,151,0.492390123590921
"pair_1333","spacer_136","spacer_171",7673716,7674290,574,0.492333339389093
"pair_704","spacer_113","spacer_134",7673251,7673714,463,0.492224588122692
"pair_3291","spacer_198","spacer_224",7675125,7675227,102,0.492110483086369
"pair_3806","spacer_225","spacer_283",7675998,7676254,256,0.492107359625744
"pair_1765","spacer_156","spacer_210",7674196,7675156,960,0.492079844736013
"pair_2736","spacer_180","spacer_197",7674926,7675106,180,0.492001675514546
"pair_4224","spacer_256","spacer_288",7676127,7676266,139,0.491803927622186
"pair_4128","spacer_242","spacer_261",7676089,7676143,54,0.4916275229846
"pair_2908","spacer_186","spacer_191",7674959,7675076,117,0.491626921345355
"pair_1396","spacer_141","spacer_147",7673746,7673788,42,0.491563803138403
"pair_2839","spacer_183","spacer_210",7674941,7675156,215,0.491557914475394
"pair_809","spacer_117","spacer_156",7673536,7674196,660,0.491554120291222
"pair_3276","spacer_197","spacer_242",7675106,7676089,983,0.49154134786994
"pair_1969","spacer_160","spacer_210",7674210,7675156,946,0.491497590041359
"pair_2915","spacer_186","spacer_198",7674959,7675125,166,0.491347280840804
"pair_269","spacer_72","spacer_81",7669706,7669767,61,0.491247148393138
"pair_634","spacer_103","spacer_111",7670646,7670708,62,0.491245987182405
"pair_217","spacer_70","spacer_83",7669692,7669772,80,0.491173346065601
"pair_736","spacer_116","spacer_120",7673539,7673563,24,0.491015383425561
"pair_813","spacer_117","spacer_160",7673536,7674210,674,0.490971865596567
"pair_1417","spacer_141","spacer_168",7673746,7674262,516,0.490971536749259
"pair_2243","spacer_166","spacer_197",7674238,7675106,868,0.490886789888427
"pair_4186","spacer_254","spacer_272",7676124,7676186,62,0.490797696423968
"pair_349","spacer_75","spacer_81",7669736,7669767,31,0.490757450246141
"pair_4296","spacer_260","spacer_288",7676142,7676266,124,0.490748826842886
"pair_2553","spacer_173","spacer_202",7674859,7675142,283,0.49072748973013
"pair_4226","spacer_256","spacer_296",7676127,7676555,428,0.490687475399641
"pair_4063","spacer_236","spacer_254",7676059,7676124,65,0.490590329764975
"pair_1733","spacer_156","spacer_175",7674196,7674870,674,0.490394191130932
"pair_3755","spacer_224","spacer_230",7675227,7676040,813,0.490339253239747
"pair_965","spacer_121","spacer_153",7673559,7673828,269,0.490243188880603
"pair_2341","spacer_168","spacer_202",7674262,7675142,880,0.490191225327866
"pair_102","spacer_39","spacer_52",7667300,7667392,92,0.490115092858669
"pair_928","spacer_120","spacer_154",7673563,7673829,266,0.489989421775743
"pair_1512","spacer_146","spacer_171",7673779,7674290,511,0.48998073141256
"pair_2357","spacer_169","spacer_171",7674266,7674290,24,0.489887878941997
"pair_2612","spacer_175","spacer_183",7674870,7674941,71,0.489872260870312
"pair_1937","spacer_160","spacer_175",7674210,7674870,660,0.489811936436277
"pair_4298","spacer_260","spacer_296",7676142,7676555,413,0.489632374620341
"pair_969","spacer_121","spacer_157",7673559,7674200,641,0.489572439483787
"pair_1764","spacer_156","spacer_209",7674196,7675155,959,0.489513705299788
"pair_2940","spacer_187","spacer_194",7674960,7675079,119,0.489480443693303
"pair_584","spacer_94","spacer_107",7670633,7670675,42,0.489447595225323
"pair_795","spacer_117","spacer_141",7673536,7673746,210,0.489357762944044
"pair_373","spacer_75","spacer_111",7669736,7670708,972,0.489283372069038
"pair_2838","spacer_183","spacer_209",7674941,7675155,214,0.488991775039168
"pair_1968","spacer_160","spacer_209",7674210,7675155,945,0.488931450605133
"pair_4122","spacer_241","spacer_301",7676088,7676591,503,0.488903013244902
"pair_2130","spacer_164","spacer_180",7674234,7674926,692,0.488801300050548
"pair_3349","spacer_200","spacer_236",7675131,7676059,928,0.488594110756514
"pair_2004","spacer_161","spacer_197",7674221,7675106,885,0.488508499725605
"pair_4111","spacer_241","spacer_283",7676088,7676254,166,0.48842737334639
"pair_1802","spacer_157","spacer_194",7674200,7675079,879,0.488234809348966
"pair_4493","spacer_280","spacer_284",7676227,7676258,31,0.487997801291166
"pair_171","spacer_58","spacer_81",7669618,7669767,149,0.487987240587554
"pair_4222","spacer_256","spacer_286",7676127,7676264,137,0.487946450621266
"pair_3388","spacer_202","spacer_226",7675142,7676008,866,0.487730719145677
"pair_3767","spacer_224","spacer_261",7675227,7676143,916,0.48771530487437
"pair_3265","spacer_197","spacer_224",7675106,7675227,121,0.487629129759709
"pair_1473","spacer_145","spacer_153",7673772,7673828,56,0.487558976298171
"pair_2631","spacer_175","spacer_202",7674870,7675142,272,0.487417522362361
"pair_4431","spacer_274","spacer_297",7676192,7676556,364,0.487412931058921
"pair_1458","spacer_144","spacer_159",7673769,7674209,440,0.487212836561014
"pair_486","spacer_83","spacer_106",7669772,7670664,892,0.48711391970648
"pair_2492","spacer_172","spacer_180",7674863,7674926,63,0.487083926449045
"pair_1749","spacer_156","spacer_193",7674196,7675078,882,0.487054584811669
"pair_477","spacer_83","spacer_95",7669772,7670634,862,0.487044154246343
"pair_1311","spacer_136","spacer_149",7673716,7673783,67,0.487030107109811
"pair_924","spacer_120","spacer_150",7673563,7673788,225,0.487022140801572
"pair_3470","spacer_206","spacer_231",7675150,7676037,887,0.486987781689002
"pair_3623","spacer_213","spacer_254",7675179,7676124,945,0.486963187253565
"pair_3985","spacer_230","spacer_287",7676040,7676265,225,0.4869134918767
"pair_2416","spacer_170","spacer_187",7674269,7674960,691,0.486910105920529
"pair_4294","spacer_260","spacer_286",7676142,7676264,122,0.486891349841966
"pair_1477","spacer_145","spacer_157",7673772,7674200,428,0.486888226901355
"pair_2914","spacer_186","spacer_197",7674959,7675106,147,0.486865927514144
"pair_3006","spacer_189","spacer_206",7675057,7675150,93,0.486798046793261
"pair_3785","spacer_225","spacer_241",7675998,7676088,90,0.486538576671998
"pair_2823","spacer_183","spacer_193",7674941,7675078,137,0.486532654551049
"pair_3062","spacer_191","spacer_199",7675076,7675136,60,0.486530891451088
"pair_1953","spacer_160","spacer_193",7674210,7675078,868,0.486472330117014
"pair_4137","spacer_242","spacer_278",7676089,7676232,143,0.486432209687172
"pair_1646","spacer_153","spacer_170",7673828,7674269,441,0.486335220973008
"pair_900","spacer_119","spacer_164",7673559,7674234,675,0.486178446785972
"pair_3849","spacer_226","spacer_288",7676008,7676266,258,0.486011071672018
"pair_482","spacer_83","spacer_101",7669772,7670651,879,0.48600927703206
"pair_3067","spacer_191","spacer_204",7675076,7675149,73,0.486004723456705
"pair_2220","spacer_166","spacer_172",7674238,7674863,625,0.485969040822926
"pair_1200","spacer_129","spacer_166",7673598,7674238,640,0.485827402724462
"pair_3278","spacer_198","spacer_204",7675125,7675149,24,0.485725082952154
"pair_1780","spacer_157","spacer_170",7674200,7674269,69,0.485664471576193
"pair_779","spacer_116","spacer_171",7673539,7674290,751,0.485335978165844
"pair_475","spacer_83","spacer_93",7669772,7670632,860,0.485170526630005
"pair_3334","spacer_200","spacer_213",7675131,7675179,48,0.484966968245105
"pair_3851","spacer_226","spacer_296",7676008,7676555,547,0.484894619449473
"pair_1573","spacer_149","spacer_169",7673783,7674266,483,0.484584646662715
"pair_3319","spacer_199","spacer_230",7675136,7676040,904,0.484480021099914
"pair_837","spacer_118","spacer_136",7673537,7673716,179,0.484471285636027
"pair_2167","spacer_164","spacer_224",7674234,7675227,993,0.484428754295711
"pair_871","spacer_119","spacer_129",7673559,7673598,39,0.484319435086005
"pair_1664","spacer_154","spacer_171",7673829,7674290,461,0.484310016516026
"pair_4319","spacer_261","spacer_287",7676143,7676265,122,0.484289543511323
"pair_1264","spacer_134","spacer_164",7673714,7674234,520,0.484204010460802
"pair_1766","spacer_156","spacer_212",7674196,7675178,982,0.484146156008015
"pair_3127","spacer_193","spacer_202",7675078,7675142,64,0.484077916043098
"pair_563","spacer_87","spacer_111",7669784,7670708,924,0.484072883377389
"pair_2882","spacer_185","spacer_194",7674958,7675079,121,0.484071111797953
"pair_4352","spacer_270","spacer_280",7676173,7676227,54,0.484005849695209
"pair_3443","spacer_204","spacer_230",7675149,7676040,891,0.483953853105531
"pair_1318","spacer_136","spacer_156",7673716,7674196,480,0.483884158719909
"pair_505","spacer_84","spacer_107",7669783,7670675,892,0.483816718446979
"pair_2136","spacer_164","spacer_186",7674234,7674959,725,0.483665552050146
"pair_3021","spacer_189","spacer_227",7675057,7676023,966,0.483630095029142
"pair_2840","spacer_183","spacer_212",7674941,7675178,237,0.483624225747395
"pair_1981","spacer_161","spacer_172",7674221,7674863,642,0.483590750660103
"pair_1970","spacer_160","spacer_212",7674210,7675178,968,0.483563901313361
"pair_3956","spacer_229","spacer_297",7676039,7676556,517,0.483501673377622
"pair_1195","spacer_129","spacer_161",7673598,7674221,623,0.483449112561639
"pair_1322","spacer_136","spacer_160",7673716,7674210,494,0.483301904025254
"pair_149","spacer_45","spacer_56",7667344,7667403,59,0.483261474459887
"pair_1380","spacer_140","spacer_159",7673745,7674209,464,0.483199249047628
"pair_3390","spacer_202","spacer_228",7675142,7676024,882,0.483138636621483
"pair_4188","spacer_254","spacer_274",7676124,7676192,68,0.483112114562331
"pair_3964","spacer_230","spacer_256",7676040,7676127,87,0.482954098442475
"pair_2529","spacer_172","spacer_224",7674863,7675227,364,0.482711380694208
"pair_3066","spacer_191","spacer_203",7675076,7675143,67,0.482547569513392
"pair_43","spacer_18","spacer_20",7666199,7666224,25,0.482458915222762
"pair_3712","spacer_217","spacer_254",7675194,7676124,930,0.482427995838004
"pair_1171","spacer_129","spacer_134",7673598,7673714,116,0.482344998760834
"pair_714","spacer_113","spacer_147",7673251,7673788,537,0.482324093781495
"pair_2542","spacer_173","spacer_191",7674859,7675076,217,0.482208883427935
"pair_2848","spacer_184","spacer_189",7674955,7675057,102,0.482160030511018
"pair_3847","spacer_226","spacer_286",7676008,7676264,256,0.482153594671098
"pair_844","spacer_118","spacer_146",7673537,7673779,242,0.482118677659495
"pair_4005","spacer_231","spacer_271",7676037,7676174,137,0.482118655173235
"pair_867","spacer_118","spacer_169",7673537,7674266,729,0.482025825188932
"pair_2498","spacer_172","spacer_186",7674863,7674959,96,0.481948178448642
"pair_2549","spacer_173","spacer_198",7674859,7675125,266,0.481929242923384
"pair_3967","spacer_230","spacer_260",7676040,7676142,102,0.481898997663176
"pair_941","spacer_120","spacer_167",7673563,7674236,673,0.481798132435922
"pair_3247","spacer_197","spacer_199",7675106,7675136,30,0.481769897619877
"pair_1304","spacer_136","spacer_141",7673716,7673746,30,0.481687801372731
"pair_2330","spacer_168","spacer_191",7674262,7675076,814,0.481672619025671
"pair_391","spacer_78","spacer_107",7669755,7670675,920,0.481647602965688
"pair_2294","spacer_167","spacer_200",7674236,7675131,895,0.481602850462958
"pair_1497","spacer_146","spacer_156",7673779,7674196,417,0.481531550743376
"pair_2414","spacer_170","spacer_185",7674269,7674958,689,0.48150077402518
"pair_1727","spacer_156","spacer_169",7674196,7674266,70,0.481438698272813
"pair_3919","spacer_228","spacer_288",7676024,7676266,242,0.481418989147824
"pair_2337","spacer_168","spacer_198",7674262,7675125,863,0.481392978521119
"pair_1596","spacer_150","spacer_171",7673788,7674290,502,0.481342735541855
"pair_244","spacer_71","spacer_83",7669705,7669772,67,0.481338973208497
"pair_3455","spacer_204","spacer_261",7675149,7676143,994,0.481329904740154
"pair_3252","spacer_197","spacer_204",7675106,7675149,43,0.481243729625494
"pair_1795","spacer_157","spacer_187",7674200,7674960,760,0.481233139932139
"pair_3379","spacer_202","spacer_212",7675142,7675178,36,0.481169487239444
"pair_1501","spacer_146","spacer_160",7673779,7674210,431,0.480949296048721
"pair_2367","spacer_169","spacer_183",7674266,7674941,675,0.480916768012193
"pair_1931","spacer_160","spacer_169",7674210,7674266,56,0.480856443578158
"pair_1633","spacer_153","spacer_157",7673828,7674200,372,0.480658254984618
"pair_3072","spacer_191","spacer_210",7675076,7675156,80,0.480584569665247
"pair_929","spacer_120","spacer_155",7673563,7674185,622,0.480560951443463
"pair_3417","spacer_203","spacer_230",7675143,7676040,897,0.480496699162218
"pair_3338","spacer_200","spacer_217",7675131,7675194,63,0.480431776829544
"pair_1705","spacer_155","spacer_200",7674185,7675131,946,0.4803656694705
"pair_3283","spacer_198","spacer_210",7675125,7675156,31,0.480304929160696
"pair_3921","spacer_228","spacer_296",7676024,7676555,531,0.480302536925279
"pair_692","spacer_113","spacer_117",7673251,7673536,285,0.480118053587136
"pair_3402","spacer_202","spacer_259",7675142,7676141,999,0.480056276051898
"pair_757","spacer_116","spacer_149",7673539,7673783,244,0.480032745886561
"pair_523","spacer_85","spacer_107",7669779,7670675,896,0.479832677825522
"pair_4056","spacer_235","spacer_297",7676055,7676556,501,0.479762939063933
"pair_3094","spacer_192","spacer_200",7675077,7675131,54,0.479761119043573
"pair_4544","spacer_288","spacer_300",7676266,7676593,327,0.47955804743801
"pair_2484","spacer_171","spacer_213",7674290,7675179,889,0.479482844958352
"pair_1395","spacer_141","spacer_146",7673746,7673779,33,0.479335193396198
"pair_1418","spacer_141","spacer_169",7673746,7674266,520,0.479242340925635
"pair_3082","spacer_191","spacer_226",7675076,7676008,932,0.479212112843482
"pair_3930","spacer_229","spacer_254",7676039,7676124,85,0.479200856881032
"pair_4470","spacer_278","spacer_287",7676232,7676265,33,0.479094230213894
"pair_4010","spacer_231","spacer_277",7676037,7676225,188,0.479085571866915
"pair_399","spacer_79","spacer_92",7669761,7670631,870,0.479025981225809
"pair_1558","spacer_149","spacer_154",7673783,7673829,46,0.479006784236744
"pair_978","spacer_121","spacer_166",7673559,7674238,679,0.478950537525713
"pair_3293","spacer_198","spacer_226",7675125,7676008,883,0.47893247233893
"pair_2620","spacer_175","spacer_191",7674870,7675076,206,0.478898916060166
"pair_4487","spacer_279","spacer_297",7676226,7676556,330,0.478788335941996
"pair_2733","spacer_180","spacer_194",7674926,7675079,153,0.478727793017011
"pair_2627","spacer_175","spacer_198",7674870,7675125,255,0.478619275555614
"pair_2149","spacer_164","spacer_199",7674234,7675136,902,0.478569522155879
"pair_3185","spacer_195","spacer_200",7675095,7675131,36,0.478548569102389
"pair_3573","spacer_210","spacer_230",7675156,7676040,884,0.478533699314073
"pair_2386","spacer_169","spacer_202",7674266,7675142,876,0.478462029504242
"pair_4552","spacer_296","spacer_300",7676555,7676593,38,0.478441595215464
"pair_1898","spacer_159","spacer_189",7674209,7675057,848,0.478412114117214
"pair_645","spacer_107","spacer_109",7670675,7670712,37,0.47839749717025
"pair_4272","spacer_259","spacer_288",7676141,7676266,125,0.47833662857824
"pair_483","spacer_83","spacer_103",7669772,7670646,874,0.478285653697686
"pair_153","spacer_46","spacer_56",7667345,7667403,58,0.478089647420204
"pair_2154","spacer_164","spacer_204",7674234,7675149,915,0.478043354161496
"pair_3071","spacer_191","spacer_209",7675076,7675155,79,0.478018430229022
"pair_3429","spacer_203","spacer_261",7675143,7676143,1000,0.477872750796841
"pair_3251","spacer_197","spacer_203",7675106,7675143,37,0.47778657568218
"pair_3282","spacer_198","spacer_209",7675125,7675155,30,0.47773878972447
"pair_329","spacer_74","spacer_92",7669735,7670631,896,0.477644751833112
"pair_2240","spacer_166","spacer_194",7674238,7675079,841,0.477612907390892
"pair_3917","spacer_228","spacer_286",7676024,7676264,240,0.477561512146904
"pair_4152","spacer_242","spacer_301",7676089,7676591,502,0.47750012686592
"pair_2548","spacer_173","spacer_197",7674859,7675106,247,0.477447889596724
"pair_655","spacer_112","spacer_120",7673232,7673563,331,0.477434250261156
"pair_4274","spacer_259","spacer_296",7676141,7676555,414,0.477220176355694
"pair_3345","spacer_200","spacer_229",7675131,7676039,908,0.477204637872571
"pair_3819","spacer_226","spacer_230",7676008,7676040,32,0.477161242492308
"pair_4141","spacer_242","spacer_283",7676089,7676254,165,0.477024486967408
"pair_619","spacer_100","spacer_107",7670647,7670675,28,0.476980510785883
"pair_2336","spacer_168","spacer_197",7674262,7675106,844,0.476911625194459
"pair_764","spacer_116","spacer_156",7673539,7674196,657,0.47688679749666
"pair_2511","spacer_172","spacer_199",7674863,7675136,273,0.476852148554375
"pair_271","spacer_72","spacer_83",7669706,7669772,66,0.476812736731316
"pair_4445","spacer_275","spacer_288",7676193,7676266,73,0.476752612178212
"pair_922","spacer_120","spacer_148",7673563,7673789,226,0.476705376160708
"pair_973","spacer_121","spacer_161",7673559,7674221,662,0.476572247362891
"pair_2759","spacer_181","spacer_189",7674940,7675057,117,0.476564927117982
"pair_852","spacer_118","spacer_154",7673537,7673829,292,0.47644796276296
"pair_2516","spacer_172","spacer_204",7674863,7675149,286,0.476325980559992
"pair_351","spacer_75","spacer_83",7669736,7669772,36,0.47632303858432
"pair_768","spacer_116","spacer_160",7673539,7674210,671,0.476304542802005
"pair_1486","spacer_145","spacer_166",7673772,7674238,466,0.476266324943281
"pair_2409","spacer_170","spacer_180",7674269,7674926,657,0.476157455244238
"pair_2267","spacer_167","spacer_171",7674236,7674290,54,0.476118727176205
"pair_3547","spacer_209","spacer_230",7675155,7676040,885,0.475967559877848
"pair_3585","spacer_210","spacer_261",7675156,7676143,987,0.475909750948696
"pair_1649","spacer_154","spacer_156",7673829,7674196,367,0.475860835846842
"pair_1793","spacer_157","spacer_185",7674200,7674958,758,0.475823808036789
"pair_3257","spacer_197","spacer_210",7675106,7675156,50,0.475823575834036
"pair_4532","spacer_286","spacer_300",7676264,7676593,329,0.47570057043709
"pair_4447","spacer_275","spacer_296",7676193,7676555,362,0.475636159955667
"pair_949","spacer_121","spacer_134",7673559,7673714,155,0.475468133562085
"pair_4030","spacer_235","spacer_254",7676055,7676124,69,0.475462122567342
"pair_3123","spacer_193","spacer_198",7675078,7675125,47,0.475279669236351
"pair_1653","spacer_154","spacer_160",7673829,7674210,381,0.475278581152187
"pair_2001","spacer_161","spacer_194",7674221,7675079,858,0.47523461722807
"pair_3786","spacer_225","spacer_242",7675998,7676089,91,0.475135690293016
"pair_4215","spacer_256","spacer_278",7676127,7676232,105,0.47513483677967
"pair_2218","spacer_166","spacer_170",7674238,7674269,31,0.475042569618119
"pair_2488","spacer_171","spacer_217",7674290,7675194,904,0.474947653542791
"pair_1678","spacer_155","spacer_171",7674185,7674290,105,0.474881546183747
"pair_3877","spacer_227","spacer_280",7676023,7676227,204,0.474791129837428
"pair_881","spacer_119","spacer_145",7673559,7673772,213,0.474758357304824
"pair_750","spacer_116","spacer_141",7673539,7673746,207,0.474690440149482
"pair_3084","spacer_191","spacer_228",7675076,7676024,948,0.474620030319288
"pair_2153","spacer_164","spacer_203",7674234,7675143,909,0.474586200218183
"pair_3056","spacer_190","spacer_231",7675073,7676037,964,0.474560148145115
"pair_3831","spacer_226","spacer_261",7676008,7676143,135,0.474537294126931
"pair_4192","spacer_254","spacer_279",7676124,7676226,102,0.474487519445405
"pair_4270","spacer_259","spacer_286",7676141,7676264,123,0.47447915157732
"pair_3267","spacer_197","spacer_226",7675106,7676008,902,0.47445111901227
"pair_3173","spacer_194","spacer_224",7675079,7675227,148,0.474355247262174
"pair_3295","spacer_198","spacer_228",7675125,7676024,899,0.474340389814736
"pair_1526","spacer_147","spacer_164",7673788,7674234,446,0.474303516119606
"pair_2465","spacer_171","spacer_192",7674290,7675077,787,0.47427699575682
"pair_2125","spacer_164","spacer_173",7674234,7674859,625,0.474247514132726
"pair_541","spacer_86","spacer_107",7669783,7670675,892,0.474139375589293
"pair_2626","spacer_175","spacer_197",7674870,7675106,236,0.474137922228954
"pair_1021","spacer_122","spacer_171",7673571,7674290,719,0.474124760427089
"pair_4287","spacer_260","spacer_278",7676142,7676232,90,0.47407973600037
"pair_1481","spacer_145","spacer_161",7673772,7674221,449,0.473888034780459
"pair_2120","spacer_164","spacer_168",7674234,7674262,28,0.473711249730462
"pair_1403","spacer_141","spacer_154",7673746,7673829,83,0.473664478499664
"pair_2911","spacer_186","spacer_194",7674959,7675079,120,0.473592045016609
"pair_173","spacer_58","spacer_83",7669618,7669772,154,0.473552828925732
"pair_906","spacer_119","spacer_170",7673559,7674269,710,0.473534601979662
"pair_3148","spacer_193","spacer_230",7675078,7676040,962,0.473508439389729
"pair_848","spacer_118","spacer_150",7673537,7673788,251,0.473480681788789
"pair_4518","spacer_284","spacer_297",7676258,7676556,298,0.473469140394785
"pair_3348","spacer_200","spacer_235",7675131,7676055,924,0.473465903558882
"pair_222","spacer_70","spacer_92",7669692,7670631,939,0.473441089129462
"pair_4017","spacer_231","spacer_285",7676037,7676263,226,0.473411460390539
"pair_3559","spacer_209","spacer_261",7675155,7676143,988,0.473343611512471
"pair_3256","spacer_197","spacer_209",7675106,7675155,49,0.47325743639781
"pair_442","spacer_81","spacer_96",7669767,7670635,868,0.473233509106612
"pair_4370","spacer_271","spacer_280",7676174,7676227,53,0.473089955085781
"pair_2468","spacer_171","spacer_195",7674290,7675095,805,0.473064445815636
"pair_4443","spacer_275","spacer_286",7676193,7676264,71,0.472895135177292
"pair_1581","spacer_150","spacer_156",7673788,7674196,408,0.47289355487267
"pair_2515","spacer_172","spacer_203",7674863,7675143,280,0.472868826616679
"pair_1245","spacer_134","spacer_145",7673714,7673772,58,0.472783920979653
"pair_1979","spacer_161","spacer_170",7674221,7674269,48,0.472664279455296
"pair_3073","spacer_191","spacer_212",7675076,7675178,102,0.472650880937249
"pair_2159","spacer_164","spacer_210",7674234,7675156,922,0.472623200370038
"pair_4411","spacer_273","spacer_288",7676198,7676266,68,0.472552350452869
"pair_910","spacer_120","spacer_130",7673563,7673608,45,0.472451955238288
"pair_706","spacer_113","spacer_136",7673251,7673716,465,0.472448092015823
"pair_1181","spacer_129","spacer_147",7673598,7673788,190,0.472444504419638
"pair_3284","spacer_198","spacer_212",7675125,7675178,53,0.472371240432698
"pair_1585","spacer_150","spacer_160",7673788,7674210,422,0.472311300178016
"pair_2975","spacer_188","spacer_200",7674971,7675131,160,0.472278972396973
"pair_932","spacer_120","spacer_158",7673563,7674205,642,0.472272300558745
"pair_817","spacer_117","spacer_164",7673536,7674234,698,0.472097475925246
"pair_1858","spacer_158","spacer_200",7674205,7675131,926,0.472077018585781
"pair_2313","spacer_168","spacer_172",7674262,7674863,601,0.471993876128958
"pair_95","spacer_38","spacer_56",7667297,7667403,106,0.471882225666028
"pair_1202","spacer_129","spacer_168",7673598,7674262,664,0.471852238030494
"pair_2446","spacer_170","spacer_224",7674269,7675227,958,0.471784909489401
"pair_604","spacer_96","spacer_111",7670635,7670708,73,0.471759430929509
"pair_2726","spacer_180","spacer_187",7674926,7674960,34,0.471726123600184
"pair_3395","spacer_202","spacer_236",7675142,7676059,917,0.471684138032006
"pair_912","spacer_120","spacer_135",7673563,7673715,152,0.471656544565356
"pair_1270","spacer_134","spacer_170",7673714,7674269,555,0.471560165654491
"pair_4413","spacer_273","spacer_296",7676198,7676555,357,0.471435898230324
"pair_3750","spacer_224","spacer_225",7675227,7675998,771,0.471223472182786
"pair_3689","spacer_216","spacer_254",7675188,7676124,936,0.471166674585518
"pair_203","spacer_60","spacer_81",7669630,7669767,137,0.471119565490352
"pair_1767","spacer_156","spacer_213",7674196,7675179,983,0.471033664289167
"pair_1554","spacer_148","spacer_171",7673789,7674290,501,0.471025970900992
"pair_2415","spacer_170","spacer_186",7674269,7674959,690,0.471021707243835
"pair_2127","spacer_164","spacer_175",7674234,7674870,636,0.470937546764957
"pair_2521","spacer_172","spacer_210",7674863,7675156,293,0.470905826768534
"pair_1571","spacer_149","spacer_167",7673783,7674236,453,0.470815494896923
"pair_3122","spacer_193","spacer_197",7675078,7675106,28,0.470798315909691
"pair_3991","spacer_230","spacer_300",7676040,7676593,553,0.470708218258299
"pair_1399","spacer_141","spacer_150",7673746,7673788,42,0.470697197525493
"pair_2233","spacer_166","spacer_187",7674238,7674960,722,0.470611237974065
"pair_3593","spacer_212","spacer_230",7675178,7676040,862,0.470600010586075
"pair_2841","spacer_183","spacer_213",7674941,7675179,238,0.470511734028547
"pair_1788","spacer_157","spacer_180",7674200,7674926,726,0.470480489255848
"pair_1971","spacer_160","spacer_213",7674210,7675179,969,0.470451409594513
"pair_788","spacer_117","spacer_129",7673536,7673598,62,0.470238464225279
"pair_440","spacer_81","spacer_94",7669767,7670633,866,0.470176165993247
"pair_4394","spacer_272","spacer_288",7676186,7676266,80,0.47017185721734
"pair_4539","spacer_287","spacer_301",7676265,7676591,326,0.470162147392643
"pair_713","spacer_113","spacer_146",7673251,7673779,528,0.47009548403929
"pair_2158","spacer_164","spacer_209",7674234,7675155,921,0.470057060933813
"pair_1642","spacer_153","spacer_166",7673828,7674238,410,0.470036353026544
"pair_4086","spacer_236","spacer_288",7676059,7676266,207,0.469964490558347
"pair_3901","spacer_228","spacer_261",7676024,7676143,119,0.469945211602737
"pair_2375","spacer_169","spacer_191",7674266,7675076,810,0.469943423202047
"pair_1059","spacer_123","spacer_171",7673575,7674290,715,0.469906856986038
"pair_3269","spacer_197","spacer_228",7675106,7676024,918,0.469859036488076
"pair_2382","spacer_169","spacer_198",7674266,7675125,859,0.469663782697495
"pair_1559","spacer_149","spacer_155",7673783,7674185,402,0.469578313904464
"pair_939","spacer_120","spacer_165",7673563,7674237,674,0.469516638901649
"pair_3966","spacer_230","spacer_259",7676040,7676141,101,0.469486799398529
"pair_4362","spacer_270","spacer_297",7676173,7676556,383,0.469477188798828
"pair_567","spacer_92","spacer_106",7670631,7670664,33,0.469381662770342
"pair_1776","spacer_157","spacer_166",7674200,7674238,38,0.469365603629729
"pair_3840","spacer_226","spacer_278",7676008,7676232,224,0.469341980829502
"pair_2198","spacer_165","spacer_200",7674237,7675131,894,0.469321356928686
"pair_3337","spacer_200","spacer_216",7675131,7675188,57,0.469170455577057
"pair_4196","spacer_254","spacer_284",7676124,7676258,134,0.469168323898195
"pair_4396","spacer_272","spacer_296",7676186,7676555,369,0.469055404994795
"pair_937","spacer_120","spacer_163",7673563,7674224,661,0.468889745654195
"pair_3999","spacer_231","spacer_258",7676037,7676135,98,0.468875442462841
"pair_4088","spacer_236","spacer_296",7676059,7676555,496,0.468848038335802
"pair_999","spacer_122","spacer_149",7673571,7673783,212,0.468821528147806
"pair_588","spacer_94","spacer_111",7670633,7670708,75,0.468702087816144
"pair_4409","spacer_273","spacer_286",7676198,7676264,66,0.468694873451949
"pair_2103","spacer_163","spacer_200",7674224,7675131,907,0.468694463681232
"pair_889","spacer_119","spacer_153",7673559,7673828,269,0.468528385388087
"pair_3155","spacer_194","spacer_199",7675079,7675136,57,0.468496015122342
"pair_21","spacer_8","spacer_11",7661991,7662013,22,0.468423082114218
"pair_4014","spacer_231","spacer_282",7676037,7676253,216,0.468351404349805
"pair_2520","spacer_172","spacer_209",7674863,7675155,292,0.468339687332309
"pair_564","spacer_92","spacer_101",7670631,7670651,20,0.468277020095922
"pair_865","spacer_118","spacer_167",7673537,7674236,699,0.46825667342314
"pair_1994","spacer_161","spacer_187",7674221,7674960,739,0.468232947811243
"pair_4325","spacer_261","spacer_300",7676143,7676593,450,0.468084269892922
"pair_3380","spacer_202","spacer_213",7675142,7675179,37,0.468056995520596
"pair_3605","spacer_212","spacer_261",7675178,7676143,965,0.467976062220698
"pair_3160","spacer_194","spacer_204",7675079,7675149,70,0.467969847127959
"pair_3975","spacer_230","spacer_275",7676040,7676193,153,0.467902782998501
"pair_3258","spacer_197","spacer_212",7675106,7675178,72,0.467889887106038
"pair_893","spacer_119","spacer_157",7673559,7674200,641,0.467857635991271
"pair_3810","spacer_225","spacer_287",7675998,7676265,267,0.467797710819739
"pair_1725","spacer_156","spacer_167",7674196,7674236,40,0.467669546507021
"pair_1637","spacer_153","spacer_161",7673828,7674221,393,0.467658062863722
"pair_607","spacer_98","spacer_107",7670642,7670675,33,0.46760302164003
"pair_2143","spacer_164","spacer_193",7674234,7675078,844,0.467597940445693
"pair_3759","spacer_224","spacer_241",7675227,7676088,861,0.467543485903431
"pair_3528","spacer_208","spacer_254",7675154,7676124,970,0.46746420963061
"pair_2963","spacer_187","spacer_224",7674960,7675227,267,0.467353577845347
"pair_70","spacer_26","spacer_56",7667176,7667403,227,0.467335129248012
"pair_2277","spacer_167","spacer_183",7674236,7674941,705,0.467147616246401
"pair_1929","spacer_160","spacer_167",7674210,7674236,26,0.467087291812366
"pair_853","spacer_118","spacer_155",7673537,7674185,648,0.467019492430681
"pair_1772","spacer_157","spacer_161",7674200,7674221,21,0.466987313466906
"pair_2668","spacer_176","spacer_200",7674871,7675131,260,0.466803795693987
"pair_2461","spacer_171","spacer_188",7674290,7674971,681,0.46679484911022
"pair_1240","spacer_130","spacer_171",7673608,7674290,682,0.466772549978572
"pair_130","spacer_42","spacer_54",7667311,7667401,90,0.466717277562745
"pair_1831","spacer_158","spacer_171",7674205,7674290,85,0.466592895299028
"pair_1253","spacer_134","spacer_153",7673714,7673828,114,0.466553949062916
"pair_1771","spacer_156","spacer_217",7674196,7675194,998,0.466498472873606
"pair_676","spacer_112","spacer_149",7673232,7673783,551,0.466451612722157
"pair_2724","spacer_180","spacer_185",7674926,7674958,32,0.466316791704834
"pair_3737","spacer_219","spacer_254",7675202,7676124,922,0.466314968520052
"pair_4392","spacer_272","spacer_286",7676186,7676264,78,0.46631438021642
"pair_828","spacer_118","spacer_122",7673537,7673571,34,0.466262706674023
"pair_4230","spacer_256","spacer_301",7676127,7676591,464,0.466202753958418
"pair_4084","spacer_236","spacer_286",7676059,7676264,205,0.466107013557427
"pair_1302","spacer_135","spacer_171",7673715,7674290,575,0.465977139305639
"pair_2845","spacer_183","spacer_217",7674941,7675194,253,0.465976542612987
"pair_2428","spacer_170","spacer_199",7674269,7675136,867,0.465925677349568
"pair_1975","spacer_160","spacer_217",7674210,7675194,984,0.465916218178952
"pair_1688","spacer_155","spacer_183",7674185,7674941,756,0.465910435253942
"pair_1257","spacer_134","spacer_157",7673714,7674200,486,0.465883199666101
"pair_2505","spacer_172","spacer_193",7674863,7675078,215,0.46588056684419
"pair_1667","spacer_155","spacer_160",7674185,7674210,25,0.465850110819908
"pair_1748","spacer_156","spacer_192",7674196,7675077,881,0.465827815087636
"pair_35","spacer_16","spacer_20",7666197,7666224,27,0.465817271899213
"pair_4219","spacer_256","spacer_283",7676127,7676254,127,0.465727114059906
"pair_1006","spacer_122","spacer_156",7673571,7674196,625,0.465675579757904
"pair_959","spacer_121","spacer_147",7673559,7673788,229,0.465567639220889
"pair_1416","spacer_141","spacer_167",7673746,7674236,490,0.465473189159843
"pair_3330","spacer_200","spacer_208",7675131,7675154,23,0.46546799062215
"pair_691","spacer_113","spacer_116",7673251,7673539,288,0.465450730792574
"pair_433","spacer_80","spacer_107",7669762,7670675,913,0.465424559330466
"pair_2433","spacer_170","spacer_204",7674269,7675149,880,0.465399509355185
"pair_3314","spacer_199","spacer_225",7675136,7675998,862,0.465364240042953
"pair_1794","spacer_157","spacer_186",7674200,7674959,759,0.465344741255445
"pair_2822","spacer_183","spacer_192",7674941,7675077,136,0.465305884827016
"pair_4309","spacer_261","spacer_275",7676143,7676193,50,0.465278834633124
"pair_1952","spacer_160","spacer_192",7674210,7675077,867,0.465245560392981
"pair_2231","spacer_166","spacer_185",7674238,7674958,720,0.465201906078715
"pair_2381","spacer_169","spacer_197",7674266,7675106,840,0.465182429370835
"pair_4184","spacer_254","spacer_270",7676124,7676173,49,0.465176372302238
"pair_4302","spacer_260","spacer_301",7676142,7676591,449,0.465147653179119
"pair_1010","spacer_122","spacer_160",7673571,7674210,639,0.46509332506325
"pair_936","spacer_120","spacer_162",7673563,7674217,654,0.46504538812593
"pair_980","spacer_121","spacer_168",7673559,7674262,703,0.464975372831745
"pair_908","spacer_120","spacer_128",7673563,7673597,34,0.46493793845393
"pair_2056","spacer_162","spacer_200",7674217,7675131,914,0.464850106152966
"pair_3438","spacer_204","spacer_225",7675149,7675998,849,0.46483807204857
"pair_3910","spacer_228","spacer_278",7676024,7676232,208,0.464749898305308
"pair_2296","spacer_167","spacer_202",7674236,7675142,906,0.46469287773845
"pair_2160","spacer_164","spacer_212",7674234,7675178,944,0.46468951164204
"pair_4291","spacer_260","spacer_283",7676142,7676254,112,0.464672013280606
"pair_1751","spacer_156","spacer_195",7674196,7675095,899,0.464615265146452
"pair_1037","spacer_123","spacer_149",7673575,7673783,208,0.464603624706755
"pair_3159","spacer_194","spacer_203",7675079,7675143,64,0.464512693184645
"pair_1326","spacer_136","spacer_164",7673716,7674234,518,0.464427514353933
"pair_721","spacer_113","spacer_154",7673251,7673829,578,0.464424769142756
"pair_4494","spacer_280","spacer_285",7676227,7676263,36,0.464382760303084
"pair_3339","spacer_200","spacer_219",7675131,7675202,71,0.464318749511591
"pair_1404","spacer_141","spacer_155",7673746,7674185,439,0.464236008167385
"pair_2545","spacer_173","spacer_194",7674859,7675079,220,0.464174007099189
"pair_4115","spacer_241","spacer_287",7676088,7676265,177,0.464117724540384
"pair_2825","spacer_183","spacer_195",7674941,7675095,154,0.464093334885832
"pair_1955","spacer_160","spacer_195",7674210,7675095,885,0.464033010451797
"pair_653","spacer_112","spacer_118",7673232,7673537,305,0.463892791248374
"pair_3789","spacer_225","spacer_256",7675998,7676127,129,0.463838317385514
"pair_2171","spacer_165","spacer_171",7674237,7674290,53,0.463837233641933
"pair_3973","spacer_230","spacer_273",7676040,7676198,158,0.463702521273158
"pair_2487","spacer_171","spacer_216",7674290,7675188,898,0.463686332290304
"pair_2333","spacer_168","spacer_194",7674262,7675079,817,0.463637742696924
"pair_249","spacer_71","spacer_92",7669705,7670631,926,0.463606716272359
"pair_3384","spacer_202","spacer_217",7675142,7675194,52,0.463521804105036
"pair_992","spacer_122","spacer_141",7673571,7673746,175,0.463479222410727
"pair_1707","spacer_155","spacer_202",7674185,7675142,957,0.463455696745991
"pair_782","spacer_117","spacer_121",7673536,7673559,23,0.46336159902653
"pair_683","spacer_112","spacer_156",7673232,7674196,964,0.463305664332255
"pair_2076","spacer_163","spacer_171",7674224,7674290,66,0.463210340394479
"pair_3089","spacer_191","spacer_236",7675076,7676059,983,0.46316553172981
"pair_846","spacer_118","spacer_148",7673537,7673789,252,0.463163917147926
"pair_509","spacer_84","spacer_111",7669783,7670708,925,0.463071211037801
"pair_2522","spacer_172","spacer_212",7674863,7675178,315,0.462972138040536
"pair_4476","spacer_278","spacer_300",7676232,7676593,361,0.462888956595493
"pair_3300","spacer_198","spacer_236",7675125,7676059,934,0.462885891225259
"pair_3639","spacer_214","spacer_231",7675183,7676037,854,0.46286860984234
"pair_3096","spacer_192","spacer_202",7675077,7675142,65,0.462851146319065
"pair_1992","spacer_161","spacer_185",7674221,7674958,737,0.462823615915893
"pair_3792","spacer_225","spacer_260",7675998,7676142,144,0.462783216606215
"pair_320","spacer_74","spacer_79",7669735,7669761,26,0.462765553500688
"pair_687","spacer_112","spacer_160",7673232,7674210,978,0.462723409637601
"pair_3013","spacer_189","spacer_214",7675057,7675183,126,0.462678874946599
"pair_1539","spacer_148","spacer_156",7673789,7674196,407,0.462576790231807
"pair_1173","spacer_129","spacer_136",7673598,7673716,118,0.462568502653966
"pair_3165","spacer_194","spacer_210",7675079,7675156,77,0.462549693336501
"pair_4428","spacer_274","spacer_288",7676192,7676266,74,0.462486275355703
"pair_1488","spacer_145","spacer_168",7673772,7674262,490,0.462291160249313
"pair_187","spacer_59","spacer_81",7669629,7669767,138,0.462202812531791
"pair_2694","spacer_179","spacer_189",7674917,7675057,140,0.462131752731693
"pair_1505","spacer_146","spacer_164",7673779,7674234,455,0.4620749063774
"pair_829","spacer_118","spacer_123",7673537,7673575,38,0.462044803232972
"pair_1543","spacer_148","spacer_160",7673789,7674210,421,0.461994535537153
"pair_2121","spacer_164","spacer_169",7674234,7674266,32,0.461982053906838
"pair_2905","spacer_185","spacer_224",7674958,7675227,269,0.461944245949997
"pair_2432","spacer_170","spacer_203",7674269,7675143,874,0.461942355411872
"pair_3323","spacer_199","spacer_241",7675136,7676088,952,0.461684253763599
"pair_4263","spacer_259","spacer_278",7676141,7676232,91,0.461667537735723
"pair_1532","spacer_147","spacer_170",7673788,7674269,481,0.461659671313295
"pair_3187","spacer_195","spacer_202",7675095,7675142,47,0.461638596377881
"pair_2404","spacer_170","spacer_173",7674269,7674859,590,0.461603669326415
"pair_2945","spacer_187","spacer_199",7674960,7675136,176,0.461494345705515
"pair_1218","spacer_130","spacer_149",7673608,7673783,175,0.461469317699289
"pair_1044","spacer_123","spacer_156",7673575,7674196,621,0.461457676316853
"pair_717","spacer_113","spacer_150",7673251,7673788,537,0.461457488168585
"pair_3412","spacer_203","spacer_225",7675143,7675998,855,0.461380918105257
"pair_4430","spacer_274","spacer_296",7676192,7676555,363,0.461369823133158
"pair_3972","spacer_230","spacer_272",7676040,7676186,146,0.46132202803763
"pair_2451","spacer_171","spacer_176",7674290,7674871,581,0.461319672407234
"pair_1562","spacer_149","spacer_158",7673783,7674205,422,0.461289663019745
"pair_3175","spacer_194","spacer_226",7675079,7676008,929,0.461177236514735
"pair_3447","spacer_204","spacer_241",7675149,7676088,939,0.461158085769216
"pair_669","spacer_112","spacer_141",7673232,7673746,514,0.461109306985077
"pair_4307","spacer_261","spacer_273",7676143,7676198,55,0.461078572907781
"pair_2950","spacer_187","spacer_204",7674960,7675149,189,0.460968177711132
"pair_395","spacer_78","spacer_111",7669755,7670708,953,0.460902095556509
"pair_1048","spacer_123","spacer_160",7673575,7674210,635,0.460875421622199
"pair_2623","spacer_175","spacer_194",7674870,7675079,209,0.460864039731419
"pair_798","spacer_117","spacer_145",7673536,7673772,236,0.460677386444098
"pair_1280","spacer_135","spacer_149",7673715,7673783,68,0.460673907026357
"pair_3855","spacer_226","spacer_301",7676008,7676591,583,0.460409898008251
"pair_1397","spacer_141","spacer_148",7673746,7673789,43,0.460380432884629
"pair_3391","spacer_202","spacer_229",7675142,7676039,897,0.460294665148063
"pair_2358","spacer_169","spacer_172",7674266,7674863,597,0.460264680305334
"pair_3887","spacer_227","spacer_297",7676023,7676556,533,0.460262468941047
"pair_1807","spacer_157","spacer_199",7674200,7675136,936,0.460248711361178
"pair_1180","spacer_129","spacer_146",7673598,7673779,181,0.460215894677433
"pair_4094","spacer_241","spacer_256",7676088,7676127,39,0.46015833110616
"pair_1203","spacer_129","spacer_169",7673598,7674266,668,0.46012304220687
"pair_4436","spacer_275","spacer_278",7676193,7676232,39,0.460083521335696
"pair_2480","spacer_171","spacer_208",7674290,7675154,864,0.459983867335397
"pair_3164","spacer_194","spacer_209",7675079,7675155,76,0.459983553900275
"pair_2438","spacer_170","spacer_210",7674269,7675156,887,0.459979355563727
"pair_3844","spacer_226","spacer_283",7676008,7676254,246,0.459934258109738
"pair_144","spacer_44","spacer_55",7667347,7667402,55,0.459930544593329
"pair_75","spacer_28","spacer_42",7667212,7667311,99,0.459861175160934
"pair_2226","spacer_166","spacer_180",7674238,7674926,688,0.459858587297773
"pair_4241","spacer_258","spacer_280",7676135,7676227,92,0.459846742375387
"pair_1812","spacer_157","spacer_204",7674200,7675149,949,0.459722543366795
"pair_3074","spacer_191","spacer_213",7675076,7675179,103,0.459538389218401
"pair_823","spacer_117","spacer_170",7673536,7674269,733,0.459453631118936
"pair_3568","spacer_210","spacer_225",7675156,7675998,842,0.459417918257112
"pair_2029","spacer_162","spacer_171",7674217,7674290,73,0.459365982866213
"pair_4491","spacer_280","spacer_282",7676227,7676253,26,0.459322704262351
"pair_1030","spacer_123","spacer_141",7673575,7673746,171,0.459261318969676
"pair_3285","spacer_198","spacer_213",7675125,7675179,54,0.45925874871385
"pair_1170","spacer_128","spacer_171",7673597,7674290,693,0.459258533194213
"pair_3476","spacer_206","spacer_254",7675150,7676124,974,0.459129604208576
"pair_453","spacer_81","spacer_109",7669767,7670712,945,0.459126067938175
"pair_4097","spacer_241","spacer_260",7676088,7676142,54,0.45910323032686
"pair_527","spacer_85","spacer_111",7669779,7670708,929,0.459087170416344
"pair_276","spacer_72","spacer_92",7669706,7670631,925,0.459080479795178
"pair_834","spacer_118","spacer_130",7673537,7673608,71,0.458910496225506
"pair_2489","spacer_171","spacer_219",7674290,7675202,912,0.458834626224838
"pair_478","spacer_83","spacer_96",7669772,7670635,863,0.458799097444791
"pair_856","spacer_118","spacer_158",7673537,7674205,668,0.458730841545962
"pair_4306","spacer_261","spacer_272",7676143,7676186,43,0.458698079672253
"pair_452","spacer_81","spacer_108",7669767,7670681,914,0.458644778273959
"pair_4426","spacer_274","spacer_286",7676192,7676264,72,0.458628798354783
"pair_356","spacer_75","spacer_92",7669736,7670631,895,0.458590781648181
"pair_3953","spacer_229","spacer_288",7676039,7676266,227,0.458575017674404
"pair_213","spacer_70","spacer_79",7669692,7669761,69,0.458561890797038
"pair_4380","spacer_271","spacer_297",7676174,7676556,382,0.4585612941894
"pair_1569","spacer_149","spacer_165",7673783,7674237,454,0.45853400136265
"pair_4068","spacer_236","spacer_261",7676059,7676143,84,0.458490713013259
"pair_3274","spacer_197","spacer_236",7675106,7676059,953,0.458404537898599
"pair_1744","spacer_156","spacer_188",7674196,7674971,775,0.458345668441036
"pair_1225","spacer_130","spacer_156",7673608,7674196,588,0.458323369309387
"pair_2406","spacer_170","spacer_175",7674269,7674870,601,0.458293701958646
"pair_836","spacer_118","spacer_135",7673537,7673715,178,0.458115085552573
"pair_1567","spacer_149","spacer_163",7673783,7674224,441,0.457907108115196
"pair_2818","spacer_183","spacer_188",7674941,7674971,30,0.457823738180416
"pair_1948","spacer_160","spacer_188",7674210,7674971,761,0.457763413746381
"pair_1229","spacer_130","spacer_160",7673608,7674210,602,0.457741114614733
"pair_445","spacer_81","spacer_100",7669767,7670647,880,0.457709081553808
"pair_3421","spacer_203","spacer_241",7675143,7676088,945,0.457700931825902
"pair_1841","spacer_158","spacer_183",7674205,7674941,736,0.457621784369224
"pair_1287","spacer_135","spacer_156",7673715,7674196,481,0.457527958636455
"pair_2949","spacer_187","spacer_203",7674960,7675143,183,0.457511023767818
"pair_3616","spacer_213","spacer_230",7675179,7676040,861,0.457487518867227
"pair_1987","spacer_161","spacer_180",7674221,7674926,705,0.457480297134951
"pair_3955","spacer_229","spacer_296",7676039,7676555,516,0.457458565451859
"pair_772","spacer_116","spacer_164",7673539,7674234,695,0.457430153130684
"pair_2437","spacer_170","spacer_209",7674269,7675155,886,0.457413216127502
"pair_902","spacer_119","spacer_166",7673559,7674238,679,0.457235734033197
"pair_210","spacer_70","spacer_74",7669692,7669735,43,0.457180661404341
"pair_2538","spacer_173","spacer_187",7674859,7674960,101,0.457172337682361
"pair_650","spacer_108","spacer_111",7670681,7670708,27,0.457170700096856
"pair_1291","spacer_135","spacer_160",7673715,7674210,495,0.4569457039418
"pair_3542","spacer_209","spacer_225",7675155,7675998,843,0.456851778820887
"pair_205","spacer_60","spacer_83",7669630,7669772,142,0.456685153828531
"pair_1515","spacer_147","spacer_153",7673788,7673828,40,0.45665345472172
"pair_2326","spacer_168","spacer_187",7674262,7674960,698,0.456636073280097
"pair_2756","spacer_180","spacer_224",7674926,7675227,301,0.456600927169055
"pair_3177","spacer_194","spacer_228",7675079,7676024,945,0.456585153990541
"pair_3394","spacer_202","spacer_235",7675142,7676055,913,0.456555930834373
"pair_917","spacer_120","spacer_142",7673563,7673747,184,0.456484937516878
"pair_1657","spacer_154","spacer_164",7673829,7674234,405,0.456404191480866
"pair_1811","spacer_157","spacer_203",7674200,7675143,943,0.456265389423482
"pair_623","spacer_100","spacer_111",7670647,7670708,61,0.456235003376705
"pair_734","spacer_113","spacer_167",7673251,7674236,985,0.456233479802935
"pair_2285","spacer_167","spacer_191",7674236,7675076,840,0.456174271436255
"pair_613","spacer_99","spacer_107",7670646,7670675,29,0.456167535143227
"pair_3760","spacer_224","spacer_242",7675227,7676089,862,0.456140599524449
"pair_1211","spacer_130","spacer_141",7673608,7673746,138,0.45612701196221
"pair_2887","spacer_185","spacer_199",7674958,7675136,178,0.456085013810165
"pair_1644","spacer_153","spacer_168",7673828,7674262,434,0.456061188332576
"pair_1519","spacer_147","spacer_157",7673788,7674200,412,0.455982705324905
"pair_863","spacer_118","spacer_165",7673537,7674237,700,0.455975179888867
"pair_3861","spacer_227","spacer_254",7676023,7676124,101,0.455961652444457
"pair_1407","spacer_141","spacer_158",7673746,7674205,459,0.455947357282666
"pair_1783","spacer_157","spacer_173",7674200,7674859,659,0.455926703338025
"pair_2292","spacer_167","spacer_198",7674236,7675125,889,0.455894630931703
"pair_4402","spacer_273","spacer_278",7676198,7676232,34,0.455883259610353
"pair_2725","spacer_180","spacer_186",7674926,7674959,33,0.45583772492349
"pair_3925","spacer_228","spacer_301",7676024,7676591,567,0.455817815484057
"pair_476","spacer_83","spacer_94",7669772,7670633,861,0.455741754331426
"pair_3577","spacer_210","spacer_241",7675156,7676088,932,0.455737931977757
"pair_951","spacer_121","spacer_136",7673559,7673716,157,0.455691637455217
"pair_743","spacer_116","spacer_129",7673539,7673598,59,0.455571141430717
"pair_2892","spacer_185","spacer_204",7674958,7675149,191,0.455558845815782
"pair_2955","spacer_187","spacer_210",7674960,7675156,196,0.455548023919673
"pair_4461","spacer_277","spacer_297",7676225,7676556,331,0.45552821088308
"pair_2263","spacer_166","spacer_224",7674238,7675227,989,0.455486041542936
"pair_1778","spacer_157","spacer_168",7674200,7674262,62,0.455390438935761
"pair_1723","spacer_156","spacer_165",7674196,7674237,41,0.455388052972748
"pair_2977","spacer_188","spacer_202",7674971,7675142,171,0.455368999672465
"pair_861","spacer_118","spacer_163",7673537,7674224,687,0.455348286641413
"pair_3914","spacer_228","spacer_283",7676024,7676254,230,0.455342175585544
"pair_1273","spacer_135","spacer_141",7673715,7673746,31,0.455331601289277
"pair_1097","spacer_124","spacer_171",7673576,7674290,714,0.455323190933066
"pair_1266","spacer_134","spacer_166",7673714,7674238,524,0.455261297708027
"pair_1770","spacer_156","spacer_216",7674196,7675188,992,0.45523715162112
"pair_1860","spacer_158","spacer_202",7674205,7675142,937,0.455167045861273
"pair_3078","spacer_191","spacer_217",7675076,7675194,118,0.45500319780284
"pair_722","spacer_113","spacer_155",7673251,7674185,934,0.454996298810477
"pair_2422","spacer_170","spacer_193",7674269,7675078,809,0.454954095639383
"pair_1696","spacer_155","spacer_191",7674185,7675076,891,0.454937090443796
"pair_2181","spacer_165","spacer_183",7674237,7674941,704,0.454866122712129
"pair_3628","spacer_213","spacer_261",7675179,7676143,964,0.45486357050185
"pair_897","spacer_119","spacer_161",7673559,7674221,662,0.454857443870375
"pair_4053","spacer_235","spacer_288",7676055,7676266,211,0.454836283360714
"pair_127","spacer_42","spacer_47",7667311,7667349,38,0.454824551513719
"pair_1927","spacer_160","spacer_165",7674210,7674237,27,0.454805798278094
"pair_3259","spacer_197","spacer_213",7675106,7675179,73,0.45477739538719
"pair_1721","spacer_156","spacer_163",7674196,7674224,28,0.454761159725294
"pair_3289","spacer_198","spacer_217",7675125,7675194,69,0.454723557298289
"pair_2232","spacer_166","spacer_186",7674238,7674959,721,0.454722839297371
"pair_3951","spacer_229","spacer_286",7676039,7676264,225,0.454717540673484
"pair_2844","spacer_183","spacer_216",7674941,7675188,247,0.4547152213605
"pair_1703","spacer_155","spacer_198",7674185,7675125,940,0.454657449939245
"pair_1974","spacer_160","spacer_216",7674210,7675188,978,0.454654896926465
"pair_3166","spacer_194","spacer_212",7675079,7675178,99,0.454616004608503
"pair_1188","spacer_129","spacer_154",7673598,7673829,231,0.454545179780899
"pair_411","spacer_79","spacer_106",7669761,7670664,903,0.454502464437918
"pair_806","spacer_117","spacer_153",7673536,7673828,292,0.454447414527361
"pair_402","spacer_79","spacer_95",7669761,7670634,873,0.454432698977781
"pair_3143","spacer_193","spacer_225",7675078,7675998,920,0.454392658332768
"pair_3823","spacer_226","spacer_241",7676008,7676088,80,0.454365475155992
"pair_1817","spacer_157","spacer_210",7674200,7675156,956,0.454302389575337
"pair_4185","spacer_254","spacer_271",7676124,7676174,50,0.454260477692809
"pair_697","spacer_113","spacer_122",7673251,7673571,320,0.454239513053819
"pair_2086","spacer_163","spacer_183",7674224,7674941,717,0.454239229464674
"pair_1566","spacer_149","spacer_162",7673783,7674217,434,0.45406275058693
"pair_3092","spacer_192","spacer_198",7675077,7675125,48,0.454052899512318
"pair_3343","spacer_200","spacer_227",7675131,7676023,892,0.453965433435996
"pair_1148","spacer_128","spacer_149",7673597,7673783,186,0.453955300914931
"pair_2616","spacer_175","spacer_187",7674870,7674960,90,0.453862370314592
"pair_4484","spacer_279","spacer_288",7676226,7676266,40,0.453861680238778
"pair_810","spacer_117","spacer_157",7673536,7674200,664,0.453776665130545
"pair_873","spacer_119","spacer_134",7673559,7673714,155,0.45375333006957
"pair_4055","spacer_235","spacer_296",7676055,7676555,500,0.453719831138169
"pair_3974","spacer_230","spacer_274",7676040,7676192,152,0.453636446175993
"pair_4385","spacer_272","spacer_278",7676186,7676232,46,0.453502766374824
"pair_4514","spacer_283","spacer_300",7676254,7676593,339,0.45348123387573
"pair_3779","spacer_225","spacer_228",7675998,7676024,26,0.453453378911153
"pair_1589","spacer_150","spacer_164",7673788,7674234,446,0.453436910506695
"pair_407","spacer_79","spacer_101",7669761,7670651,890,0.453397821763498
"pair_545","spacer_86","spacer_111",7669783,7670708,925,0.453393868180114
"pair_546","spacer_87","spacer_92",7669784,7670631,847,0.453380292956532
"pair_958","spacer_121","spacer_146",7673559,7673779,220,0.453339029478684
"pair_4077","spacer_236","spacer_278",7676059,7676232,173,0.453295399715831
"pair_981","spacer_121","spacer_169",7673559,7674266,707,0.453246177008121
"pair_1414","spacer_141","spacer_165",7673746,7674237,491,0.453191695625571
"pair_3551","spacer_209","spacer_241",7675155,7676088,933,0.453171792541532
"pair_106","spacer_40","spacer_44",7667305,7667347,42,0.453162523904484
"pair_341","spacer_74","spacer_106",7669735,7670664,929,0.453121235045221
"pair_332","spacer_74","spacer_95",7669735,7670634,899,0.453051469585084
"pair_1307","spacer_136","spacer_145",7673716,7673772,56,0.453007424872785
"pair_2954","spacer_187","spacer_209",7674960,7675155,195,0.452981884483448
"pair_3705","spacer_217","spacer_230",7675194,7676040,846,0.452952327451666
"pair_1261","spacer_134","spacer_161",7673714,7674221,507,0.452883007545204
"pair_1734","spacer_156","spacer_176",7674196,7674871,675,0.45287049173805
"pair_3183","spacer_195","spacer_198",7675095,7675125,30,0.452840349571134
"pair_4486","spacer_279","spacer_296",7676226,7676555,329,0.452745228016233
"pair_4278","spacer_259","spacer_301",7676141,7676591,450,0.452735454914472
"pair_4145","spacer_242","spacer_287",7676089,7676265,176,0.452714838161402
"pair_1785","spacer_157","spacer_175",7674200,7674870,670,0.452616735970256
"pair_1412","spacer_141","spacer_163",7673746,7674224,478,0.452564802378117
"pair_400","spacer_79","spacer_93",7669761,7670632,871,0.452559071361443
"pair_2859","spacer_184","spacer_200",7674955,7675131,176,0.452495368917873
"pair_2200","spacer_165","spacer_202",7674237,7675142,905,0.452411384204178
"pair_2651","spacer_176","spacer_183",7674871,7674941,70,0.45234856147743
"pair_1993","spacer_161","spacer_186",7674221,7674959,738,0.452344549134549
"pair_1938","spacer_160","spacer_176",7674210,7674871,661,0.452288237043395
"pair_3117","spacer_192","spacer_230",7675077,7676040,963,0.452281669665695
"pair_3383","spacer_202","spacer_216",7675142,7675188,46,0.452260482852549
"pair_4267","spacer_259","spacer_283",7676141,7676254,113,0.45225981501596
"pair_2891","spacer_185","spacer_203",7674958,7675143,185,0.452101691872469
"pair_2439","spacer_170","spacer_212",7674269,7675178,909,0.452045666835729
"pair_337","spacer_74","spacer_101",7669735,7670651,916,0.452016592370801
"pair_160","spacer_48","spacer_55",7667350,7667402,52,0.451948495709914
"pair_2378","spacer_169","spacer_194",7674266,7675079,813,0.4519085468733
"pair_2105","spacer_163","spacer_202",7674224,7675142,918,0.451784490956723
"pair_1332","spacer_136","spacer_170",7673716,7674269,553,0.451783669547623
"pair_3085","spacer_191","spacer_229",7675076,7676039,963,0.451776058845868
"pair_2536","spacer_173","spacer_185",7674859,7674958,99,0.451763005787012
"pair_1816","spacer_157","spacer_209",7674200,7675155,955,0.451736250139112
"pair_2478","spacer_171","spacer_206",7674290,7675150,860,0.451649261913363
"pair_3816","spacer_225","spacer_300",7675998,7676593,595,0.451592437201338
"pair_1184","spacer_129","spacer_150",7673598,7673788,190,0.451577898806727
"pair_2161","spacer_164","spacer_213",7674234,7675179,945,0.451577019923192
"pair_1763","spacer_156","spacer_208",7674196,7675154,958,0.451534686666212
"pair_860","spacer_118","spacer_162",7673537,7674217,680,0.451503929113147
"pair_3296","spacer_198","spacer_229",7675125,7676039,914,0.451496418341316
"pair_3588","spacer_212","spacer_225",7675178,7675998,820,0.451484229529114
"pair_2934","spacer_186","spacer_224",7674959,7675227,268,0.451465179168653
"pair_2291","spacer_167","spacer_197",7674236,7675106,870,0.451413277605043
"pair_832","spacer_118","spacer_128",7673537,7673597,60,0.451396479441148
"pair_4190","spacer_254","spacer_277",7676124,7676225,101,0.45122739438649
"pair_2324","spacer_168","spacer_185",7674262,7674958,696,0.451226741384747
"pair_330","spacer_74","spacer_93",7669735,7670632,897,0.451177841968746
"pair_4451","spacer_275","spacer_301",7676193,7676591,398,0.451151438514444
"pair_715","spacer_113","spacer_148",7673251,7673789,538,0.451140723527722
"pair_3208","spacer_195","spacer_230",7675095,7676040,945,0.451069119724511
"pair_2837","spacer_183","spacer_208",7674941,7675154,213,0.451012756405593
"pair_4308","spacer_261","spacer_274",7676143,7676192,49,0.451012497810616
"pair_4051","spacer_235","spacer_286",7676055,7676264,209,0.450978806359795
"pair_1967","spacer_160","spacer_208",7674210,7675154,944,0.450952431971558
"pair_1720","spacer_156","spacer_162",7674196,7674217,21,0.450916802197028
"pair_45","spacer_18","spacer_24",7666199,7666230,31,0.450849090003143
"pair_1155","spacer_128","spacer_156",7673597,7674196,599,0.450809352525029
"pair_1448","spacer_142","spacer_171",7673747,7674290,543,0.450805532257161
"pair_2738","spacer_180","spacer_199",7674926,7675136,210,0.450741695029223
"pair_4440","spacer_275","spacer_283",7676193,7676254,61,0.450675798615932
"pair_1489","spacer_145","spacer_169",7673772,7674266,494,0.450561964425689
"pair_2939","spacer_187","spacer_193",7674960,7675078,118,0.450522763995329
"pair_2039","spacer_162","spacer_183",7674217,7674941,724,0.450394871936409
"pair_3791","spacer_225","spacer_259",7675998,7676141,143,0.450371018341568
"pair_3717","spacer_217","spacer_261",7675194,7676143,949,0.450328379086289
"pair_3324","spacer_199","spacer_242",7675136,7676089,953,0.450281367384617
"pair_3263","spacer_197","spacer_217",7675106,7675194,88,0.450242203971629
"pair_1159","spacer_128","spacer_160",7673597,7674210,613,0.450227097830374
"pair_2743","spacer_180","spacer_204",7674926,7675149,223,0.45021552703484
"pair_1702","spacer_155","spacer_197",7674185,7675106,921,0.450176096612585
"pair_2897","spacer_185","spacer_210",7674958,7675156,198,0.450138692024324
"pair_698","spacer_113","spacer_123",7673251,7673575,324,0.450021609612768
"pair_1075","spacer_124","spacer_149",7673576,7673783,207,0.450019958653784
"pair_4482","spacer_279","spacer_286",7676226,7676264,38,0.450004203237858
"pair_2670","spacer_176","spacer_202",7674871,7675142,271,0.449893822969479
"pair_2846","spacer_183","spacer_219",7674941,7675202,261,0.449863515295034
"pair_2523","spacer_172","spacer_213",7674863,7675179,316,0.449859646321688
"pair_4524","spacer_285","spacer_297",7676263,7676556,293,0.449854099406703
"pair_1976","spacer_160","spacer_219",7674210,7675202,992,0.449803190860999
"pair_3893","spacer_228","spacer_241",7676024,7676088,64,0.449773392631798
"pair_3448","spacer_204","spacer_242",7675149,7676089,940,0.449755199390234
"pair_2245","spacer_166","spacer_199",7674238,7675136,898,0.449626809403104
"pair_3091","spacer_192","spacer_197",7675077,7675106,29,0.449571546185658
"pair_1511","spacer_146","spacer_170",7673779,7674269,490,0.44943106157109
"pair_469","spacer_82","spacer_107",7669771,7670675,904,0.449367519384271
"pair_1801","spacer_157","spacer_193",7674200,7675078,878,0.449277129650992
"pair_2250","spacer_166","spacer_204",7674238,7675149,911,0.449100641408721
"pair_933","spacer_120","spacer_159",7673563,7674209,646,0.448942734497032
"pair_234","spacer_70","spacer_106",7669692,7670664,972,0.448917572341571
"pair_225","spacer_70","spacer_95",7669692,7670634,942,0.448847806881434
"pair_3800","spacer_225","spacer_275",7675998,7676193,195,0.44878700194154
"pair_4124","spacer_242","spacer_256",7676089,7676127,38,0.448755444727178
"pair_1909","spacer_159","spacer_200",7674209,7675131,922,0.448747452524069
"pair_240","spacer_71","spacer_79",7669705,7669761,56,0.448727517939935
"pair_1411","spacer_141","spacer_162",7673746,7674217,471,0.448720444849851
"pair_737","spacer_116","spacer_121",7673539,7673559,20,0.448694276231968
"pair_1141","spacer_128","spacer_141",7673597,7673746,149,0.448612995177851
"pair_2614","spacer_175","spacer_185",7674870,7674958,88,0.448453038419243
"pair_443","spacer_81","spacer_98",7669767,7670642,875,0.448331592407954
"pair_3088","spacer_191","spacer_235",7675076,7676055,979,0.448037324532178
"pair_2058","spacer_162","spacer_202",7674217,7675142,925,0.447940133428458
"pair_4121","spacer_241","spacer_300",7676088,7676593,505,0.447912450921983
"pair_230","spacer_70","spacer_101",7669692,7670651,959,0.447812929667152
"pair_3597","spacer_212","spacer_241",7675178,7676088,910,0.447804243249759
"pair_189","spacer_59","spacer_83",7669629,7669772,143,0.447768400869969
"pair_3299","spacer_198","spacer_235",7675125,7676055,930,0.447757684027627
"pair_4127","spacer_242","spacer_260",7676089,7676142,53,0.447700343947878
"pair_966","spacer_121","spacer_154",7673559,7673829,270,0.44766831458215
"pair_2956","spacer_187","spacer_212",7674960,7675178,218,0.447614335191675
"pair_2896","spacer_185","spacer_209",7674958,7675155,197,0.447572552588099
"pair_830","spacer_118","spacer_124",7673537,7673576,39,0.44746113718
"pair_4517","spacer_284","spacer_296",7676258,7676555,297,0.447426032469022
"pair_3385","spacer_202","spacer_219",7675142,7675202,60,0.447408776787083
"pair_237","spacer_71","spacer_74",7669705,7669735,30,0.447346288547238
"pair_2006","spacer_161","spacer_199",7674221,7675136,915,0.447248519240282
"pair_3935","spacer_229","spacer_261",7676039,7676143,104,0.447101240129317
"pair_2165","spacer_164","spacer_217",7674234,7675194,960,0.447041828507631
"pair_3270","spacer_197","spacer_229",7675106,7676039,933,0.447015065014656
"pair_2457","spacer_171","spacer_184",7674290,7674955,665,0.44701124563112
"pair_1671","spacer_155","spacer_164",7674185,7674234,49,0.446975721148587
"pair_223","spacer_70","spacer_93",7669692,7670632,940,0.446974179265096
"pair_4417","spacer_273","spacer_301",7676198,7676591,393,0.446951176789101
"pair_2770","spacer_181","spacer_200",7674940,7675131,191,0.446900265524837
"pair_703","spacer_113","spacer_130",7673251,7673608,357,0.446887302605302
"pair_1082","spacer_124","spacer_156",7673576,7674196,620,0.446874010263882
"pair_611","spacer_98","spacer_111",7670642,7670708,66,0.446857514230851
"pair_2966","spacer_188","spacer_191",7674971,7675076,105,0.446850393370269
"pair_1315","spacer_136","spacer_153",7673716,7673828,112,0.446777452956048
"pair_2742","spacer_180","spacer_203",7674926,7675143,217,0.446758373091526
"pair_2011","spacer_161","spacer_204",7674221,7675149,928,0.446722351245899
"pair_725","spacer_113","spacer_158",7673251,7674205,954,0.446707647925758
"pair_4096","spacer_241","spacer_259",7676088,7676141,53,0.446691032062213
"pair_1849","spacer_158","spacer_191",7674205,7675076,871,0.446648439559077
"pair_2973","spacer_188","spacer_198",7674971,7675125,154,0.446570752865718
"pair_2268","spacer_167","spacer_172",7674236,7674863,627,0.446495528539542
"pair_4406","spacer_273","spacer_283",7676198,7676254,56,0.446475536890589
"pair_2531","spacer_173","spacer_180",7674859,7674926,67,0.44641968700607
"pair_2142","spacer_164","spacer_192",7674234,7675077,843,0.44637117072166
"pair_3313","spacer_199","spacer_224",7675136,7675227,91,0.446369149274386
"pair_1856","spacer_158","spacer_198",7674205,7675125,920,0.446368799054526
"pair_1818","spacer_157","spacer_212",7674200,7675178,978,0.446368700847339
"pair_1201","spacer_129","spacer_167",7673598,7674236,638,0.446353890441078
"pair_3422","spacer_203","spacer_242",7675143,7676089,946,0.44629804544692
"pair_1086","spacer_124","spacer_160",7673576,7674210,634,0.446291755569227
"pair_1014","spacer_122","spacer_164",7673571,7674234,663,0.446218935391929
"pair_1319","spacer_136","spacer_157",7673716,7674200,484,0.446106703559232
"pair_705","spacer_113","spacer_135",7673251,7673715,464,0.446091891932369
"pair_753","spacer_116","spacer_145",7673539,7673772,233,0.446010063649536
"pair_2319","spacer_168","spacer_180",7674262,7674926,664,0.445883422603806
"pair_3437","spacer_204","spacer_224",7675149,7675227,78,0.445842981280003
"pair_4419","spacer_274","spacer_278",7676192,7676232,40,0.445817184513187
"pair_408","spacer_79","spacer_103",7669761,7670646,885,0.445674198429124
"pair_2249","spacer_166","spacer_203",7674238,7675143,905,0.445643487465407
"pair_2916","spacer_186","spacer_199",7674959,7675136,177,0.445605947028821
"pair_4197","spacer_254","spacer_285",7676124,7676263,139,0.445553282910113
"pair_1426","spacer_142","spacer_149",7673747,7673783,36,0.445502299977879
"pair_1528","spacer_147","spacer_166",7673788,7674238,450,0.445360803366831
"pair_2527","spacer_172","spacer_217",7674863,7675194,331,0.445324454906127
"pair_4251","spacer_258","spacer_297",7676135,7676556,421,0.445318081479006
"pair_2221","spacer_166","spacer_173",7674238,7674859,621,0.445304801379951
"pair_1679","spacer_155","spacer_172",7674185,7674863,678,0.445258347547083
"pair_110","spacer_40","spacer_48",7667305,7667350,45,0.44518047502107
"pair_2145","spacer_164","spacer_195",7674234,7675095,861,0.445158620780476
"pair_3182","spacer_194","spacer_236",7675079,7676059,980,0.445130655401064
"pair_1189","spacer_129","spacer_155",7673598,7674185,587,0.445116709448619
"pair_2881","spacer_185","spacer_193",7674958,7675078,120,0.445113432099979
"pair_4105","spacer_241","spacer_275",7676088,7676193,105,0.445107015662186
"pair_2921","spacer_186","spacer_204",7674959,7675149,190,0.445079779034438
"pair_3978","spacer_230","spacer_279",7676040,7676226,186,0.445011851059067
"pair_1474","spacer_145","spacer_154",7673772,7673829,57,0.444984101999718
"pair_2371","spacer_169","spacer_187",7674266,7674960,694,0.444906877456473
"pair_3763","spacer_224","spacer_256",7675227,7676127,900,0.444843226616947
"pair_2748","spacer_180","spacer_210",7674926,7675156,230,0.444795373243382
"pair_4506","spacer_282","spacer_297",7676253,7676556,303,0.44479404336597
"pair_591","spacer_95","spacer_106",7670634,7670664,30,0.444788380522314
"pair_778","spacer_116","spacer_170",7673539,7674269,730,0.444786308324373
"pair_2216","spacer_166","spacer_168",7674238,7674262,24,0.444768536977687
"pair_3032","spacer_190","spacer_200",7675073,7675131,58,0.444705751656229
"pair_962","spacer_121","spacer_150",7673559,7673788,229,0.444701033607979
"pair_489","spacer_83","spacer_109",7669772,7670712,940,0.444691656276353
"pair_437","spacer_80","spacer_111",7669762,7670708,946,0.444679051921288
"pair_1068","spacer_124","spacer_141",7673576,7673746,170,0.444677652916704
"pair_2504","spacer_172","spacer_192",7674863,7675077,214,0.444653797120157
"pair_3798","spacer_225","spacer_273",7675998,7676198,200,0.444586740216197
"pair_4400","spacer_272","spacer_301",7676186,7676591,405,0.444570683553573
"pair_4359","spacer_270","spacer_288",7676173,7676266,93,0.44455053309561
"pair_1494","spacer_146","spacer_153",7673779,7673828,49,0.444424844979515
"pair_4092","spacer_236","spacer_301",7676059,7676591,532,0.44436331689458
"pair_985","spacer_122","spacer_129",7673571,7673598,27,0.444359923691961
"pair_3578","spacer_210","spacer_242",7675156,7676089,933,0.444335045598776
"pair_1645","spacer_153","spacer_169",7673828,7674266,438,0.444331992508952
"pair_338","spacer_74","spacer_103",7669735,7670646,911,0.444292969036427
"pair_488","spacer_83","spacer_108",7669772,7670681,909,0.444210366612137
"pair_267","spacer_72","spacer_79",7669706,7669761,55,0.444201281462754
"pair_4389","spacer_272","spacer_283",7676186,7676254,68,0.44409504365506
"pair_732","spacer_113","spacer_165",7673251,7674237,986,0.443951986268663
"pair_2189","spacer_165","spacer_191",7674237,7675076,839,0.443892777901982
"pair_4081","spacer_236","spacer_283",7676059,7676254,195,0.443887676996067
"pair_883","spacer_119","spacer_147",7673559,7673788,229,0.443852835728373
"pair_3766","spacer_224","spacer_260",7675227,7676142,915,0.443788125837647
"pair_1663","spacer_154","spacer_170",7673829,7674269,440,0.443760346674556
"pair_1498","spacer_146","spacer_157",7673779,7674200,421,0.4437540955827
"pair_3077","spacer_191","spacer_216",7675076,7675188,112,0.443741876550353
"pair_347","spacer_75","spacer_79",7669736,7669761,25,0.443711583315757
"pair_2255","spacer_166","spacer_210",7674238,7675156,918,0.443680487617263
"pair_1779","spacer_157","spacer_169",7674200,7674266,66,0.443661243112137
"pair_2196","spacer_165","spacer_198",7674237,7675125,888,0.443613137397431
"pair_3288","spacer_198","spacer_216",7675125,7675188,63,0.443462236045802
"pair_2507","spacer_172","spacer_195",7674863,7675095,232,0.443441247178972
"pair_4361","spacer_270","spacer_296",7676173,7676555,382,0.443434080873065
"pair_4035","spacer_235","spacer_261",7676055,7676143,88,0.443362505815627
"pair_730","spacer_113","spacer_163",7673251,7674224,973,0.443325093021209
"pair_3273","spacer_197","spacer_235",7675106,7676055,949,0.443276330700967
"pair_481","spacer_83","spacer_100",7669772,7670647,875,0.443274669891986
"pair_2094","spacer_163","spacer_191",7674224,7675076,852,0.443265884654528
"pair_2010","spacer_161","spacer_203",7674221,7675143,922,0.443265197302585
"pair_1882","spacer_159","spacer_171",7674209,7674290,81,0.443263329237316
"pair_904","spacer_119","spacer_168",7673559,7674262,703,0.443260569339229
"pair_1761","spacer_156","spacer_206",7674196,7675150,954,0.443200081244178
"pair_819","spacer_117","spacer_166",7673536,7674238,702,0.443154763172471
"pair_1547","spacer_148","spacer_164",7673789,7674234,445,0.443120145865832
"pair_2609","spacer_175","spacer_180",7674870,7674926,56,0.4431097196383
"pair_2101","spacer_163","spacer_198",7674224,7675125,901,0.442986244149977
"pair_1523","spacer_147","spacer_161",7673788,7674221,433,0.442982513204008
"pair_3824","spacer_226","spacer_242",7676008,7676089,81,0.44296258877701
"pair_841","spacer_118","spacer_142",7673537,7673747,210,0.442943478504095
"pair_1982","spacer_161","spacer_173",7674221,7674859,638,0.442926511217128
"pair_575","spacer_93","spacer_106",7670632,7670664,32,0.442914752905976
"pair_264","spacer_72","spacer_74",7669706,7669735,29,0.442820052070057
"pair_2835","spacer_183","spacer_206",7674941,7675150,209,0.442678150983558
"pair_1965","spacer_160","spacer_206",7674210,7675150,940,0.442617826549524
"pair_1977","spacer_161","spacer_168",7674221,7674262,41,0.442390246814864
"pair_4312","spacer_261","spacer_279",7676143,7676226,83,0.44238790269369
"pair_3411","spacer_203","spacer_224",7675143,7675227,84,0.442385827336689
"pair_1433","spacer_142","spacer_156",7673747,7674196,449,0.442356351587977
"pair_2747","spacer_180","spacer_209",7674926,7675155,229,0.442229233807157
"pair_3797","spacer_225","spacer_272",7675998,7676186,188,0.442206246980669
"pair_2898","spacer_185","spacer_212",7674958,7675178,220,0.442205003296326
"pair_2972","spacer_188","spacer_197",7674971,7675106,135,0.442089399539058
"pair_2568","spacer_173","spacer_224",7674859,7675227,368,0.442047141251233
"pair_1052","spacer_123","spacer_164",7673575,7674234,659,0.442001031950878
"pair_3784","spacer_225","spacer_236",7675998,7676059,61,0.441998880321675
"pair_2223","spacer_166","spacer_175",7674238,7674870,632,0.441994834012182
"pair_662","spacer_112","spacer_129",7673232,7673598,366,0.441990008266312
"pair_3944","spacer_229","spacer_278",7676039,7676232,193,0.441905926831888
"pair_1855","spacer_158","spacer_197",7674205,7675106,901,0.441887445727866
"pair_1247","spacer_134","spacer_147",7673714,7673788,74,0.441878399403203
"pair_1437","spacer_142","spacer_160",7673747,7674210,463,0.441774096893322
"pair_3552","spacer_209","spacer_242",7675155,7676089,934,0.44176890616255
"pair_3682","spacer_216","spacer_230",7675188,7676040,852,0.441691006199179
"pair_780","spacer_117","spacer_119",7673536,7673559,23,0.441646795534014
"pair_2920","spacer_186","spacer_203",7674959,7675143,184,0.441622625091124
"pair_2356","spacer_168","spacer_224",7674262,7675227,965,0.441510876848968
"pair_3167","spacer_194","spacer_213",7675079,7675179,100,0.441503512889655
"pair_4223","spacer_256","spacer_287",7676127,7676265,138,0.4414174652539
"pair_2454","spacer_171","spacer_181",7674290,7674940,650,0.441416142238084
"pair_2659","spacer_176","spacer_191",7674871,7675076,205,0.441375216667283
"pair_2016","spacer_161","spacer_210",7674221,7675156,935,0.441302197454441
"pair_1268","spacer_134","spacer_168",7673714,7674262,548,0.441286133014059
"pair_2537","spacer_173","spacer_186",7674859,7674959,100,0.441283939005667
"pair_1182","spacer_129","spacer_148",7673598,7673789,191,0.441261134165864
"pair_2254","spacer_166","spacer_209",7674238,7675155,917,0.441114348181038
"pair_2666","spacer_176","spacer_198",7674871,7675125,254,0.441095576162732
"pair_169","spacer_58","spacer_79",7669618,7669761,143,0.44094137365717
"pair_4103","spacer_241","spacer_273",7676088,7676198,110,0.440906753936843
"pair_1595","spacer_150","spacer_170",7673788,7674269,481,0.440793065700384
"pair_814","spacer_117","spacer_161",7673536,7674221,685,0.440776473009649
"pair_2325","spacer_168","spacer_186",7674262,7674959,697,0.440747674603403
"pair_4357","spacer_270","spacer_286",7676173,7676264,91,0.44069305609469
"pair_4194","spacer_254","spacer_282",7676124,7676253,129,0.440493226869379
"pair_3567","spacer_210","spacer_224",7675156,7675227,71,0.440422827488545
"pair_4295","spacer_260","spacer_287",7676142,7676265,123,0.440362364474601
"pair_1023","spacer_123","spacer_129",7673575,7673598,23,0.44014202025091
"pair_231","spacer_70","spacer_103",7669692,7670646,954,0.440089306332777
"pair_3070","spacer_191","spacer_208",7675076,7675154,78,0.440039411595446
"pair_761","spacer_116","spacer_153",7673539,7673828,289,0.439780091732799
"pair_2732","spacer_180","spacer_193",7674926,7675078,152,0.439770113319037
"pair_3281","spacer_198","spacer_208",7675125,7675154,29,0.439759771090895
"pair_3982","spacer_230","spacer_284",7676040,7676258,218,0.439692655511857
"pair_790","spacer_117","spacer_134",7673536,7673714,178,0.439672359208844
"pair_2926","spacer_186","spacer_210",7674959,7675156,197,0.43965962524298
"pair_1984","spacer_161","spacer_175",7674221,7674870,649,0.439616543849359
"pair_166","spacer_58","spacer_74",7669618,7669735,117,0.439560144264473
"pair_2369","spacer_169","spacer_185",7674266,7674958,692,0.439497545561124
"pair_729","spacer_113","spacer_162",7673251,7674217,966,0.439480735492943
"pair_979","spacer_121","spacer_167",7673559,7674236,677,0.439477025242329
"pair_2047","spacer_162","spacer_191",7674217,7675076,859,0.439421527126262
"pair_449","spacer_81","spacer_105",7669767,7670669,902,0.439420057205254
"pair_701","spacer_113","spacer_128",7673251,7673597,346,0.439373285820943
"pair_2463","spacer_171","spacer_190",7674290,7675073,783,0.439221628369476
"pair_2054","spacer_162","spacer_198",7674217,7675125,908,0.439141886621711
"pair_2195","spacer_165","spacer_197",7674237,7675106,869,0.439131784070771
"pair_765","spacer_116","spacer_157",7673539,7674200,661,0.439109342335983
"pair_261","spacer_71","spacer_106",7669705,7670664,959,0.439083199484468
"pair_3694","spacer_216","spacer_261",7675188,7676143,955,0.439067057833802
"pair_3751","spacer_224","spacer_226",7675227,7676008,781,0.43905037066678
"pair_252","spacer_71","spacer_95",7669705,7670634,929,0.439013434024331
"pair_3327","spacer_199","spacer_256",7675136,7676127,991,0.438983994477115
"pair_3262","spacer_197","spacer_216",7675106,7675188,82,0.438980882719142
"pair_2440","spacer_170","spacer_213",7674269,7675179,910,0.438933175116881
"pair_3079","spacer_191","spacer_219",7675076,7675202,126,0.438890170484888
"pair_2138","spacer_164","spacer_188",7674234,7674971,737,0.43888902407506
"pair_1233","spacer_130","spacer_164",7673608,7674234,626,0.438866724943412
"pair_46","spacer_18","spacer_26",7666199,7667176,977,0.438759170954514
"pair_2646","spacer_175","spacer_224",7674870,7675227,357,0.438737173883463
"pair_2015","spacer_161","spacer_209",7674221,7675155,934,0.438736058018215
"pair_1824","spacer_158","spacer_164",7674205,7674234,29,0.438687070263868
"pair_2239","spacer_166","spacer_193",7674238,7675078,840,0.438655227692918
"pair_3290","spacer_198","spacer_219",7675125,7675202,77,0.438610529980336
"pair_1740","spacer_156","spacer_184",7674196,7674955,759,0.438562064961936
"pair_4102","spacer_241","spacer_272",7676088,7676186,98,0.438526260701314
"pair_2100","spacer_163","spacer_197",7674224,7675106,882,0.438504890823317
"pair_398","spacer_79","spacer_87",7669761,7669784,23,0.438501094624108
"pair_3451","spacer_204","spacer_256",7675149,7676127,978,0.438457826482732
"pair_3611","spacer_213","spacer_225",7675179,7675998,819,0.438371737810266
"pair_3894","spacer_228","spacer_242",7676024,7676089,65,0.438370506252816
"pair_4060","spacer_236","spacer_241",7676059,7676088,29,0.438318894042321
"pair_967","spacer_121","spacer_155",7673559,7674185,626,0.43823984424987
"pair_4044","spacer_235","spacer_278",7676055,7676232,177,0.438167192518198
"pair_2288","spacer_167","spacer_194",7674236,7675079,843,0.438139395107508
"pair_211","spacer_70","spacer_75",7669692,7669736,44,0.438126691219411
"pair_1650","spacer_154","spacer_157",7673829,7674200,371,0.438083380686165
"pair_1295","spacer_135","spacer_164",7673715,7674234,519,0.438071314270479
"pair_3521","spacer_208","spacer_230",7675154,7676040,886,0.437988541244272
"pair_1944","spacer_160","spacer_184",7674210,7674955,745,0.437979810267281
"pair_257","spacer_71","spacer_101",7669705,7670651,946,0.437978556810048
"pair_2615","spacer_175","spacer_186",7674870,7674959,89,0.437973971637898
"pair_1563","spacer_149","spacer_159",7673783,7674209,426,0.437960096958033
"pair_641","spacer_105","spacer_111",7670669,7670708,39,0.437945979028151
"pair_3541","spacer_209","spacer_224",7675155,7675227,72,0.43785668805232
"pair_3454","spacer_204","spacer_260",7675149,7676142,993,0.437402725703432
"pair_2500","spacer_172","spacer_188",7674863,7674971,108,0.437171650473557
"pair_250","spacer_71","spacer_93",7669705,7670632,927,0.437139806407993
"pair_328","spacer_74","spacer_87",7669735,7669784,49,0.437119865231411
"pair_2925","spacer_186","spacer_209",7674959,7675155,196,0.437093485806754
"pair_4316","spacer_261","spacer_284",7676143,7676258,115,0.43706870714648
"pair_3389","spacer_202","spacer_227",7675142,7676023,881,0.437055460711488
"pair_1832","spacer_158","spacer_172",7674205,7674863,658,0.436969696662364
"pair_3171","spacer_194","spacer_217",7675079,7675194,115,0.436968321474094
"pair_1699","spacer_155","spacer_194",7674185,7675079,894,0.43690221411505
"pair_44","spacer_18","spacer_23",7666199,7666226,27,0.43689713490666
"pair_444","spacer_81","spacer_99",7669767,7670646,879,0.436896105911151
"pair_4434","spacer_274","spacer_301",7676192,7676591,399,0.436885101691936
"pair_2749","spacer_180","spacer_212",7674926,7675178,252,0.436861684515384
"pair_3730","spacer_219","spacer_230",7675202,7676040,838,0.436839300133714
"pair_1192","spacer_129","spacer_158",7673598,7674205,607,0.4368280585639
"pair_1487","spacer_145","spacer_167",7673772,7674236,464,0.436792812659897
"pair_2665","spacer_176","spacer_197",7674871,7675106,235,0.436614222836072
"pair_4151","spacer_242","spacer_300",7676089,7676593,504,0.436509564543002
"pair_4423","spacer_274","spacer_283",7676192,7676254,62,0.436409461793423
"pair_3598","spacer_212","spacer_242",7675178,7676089,911,0.436401356870778
"pair_113","spacer_40","spacer_55",7667305,7667402,97,0.436400991599595
"pair_2000","spacer_161","spacer_193",7674221,7675078,857,0.436276937530096
"pair_1172","spacer_129","spacer_135",7673598,7673715,117,0.436212302570512
"pair_2550","spacer_173","spacer_199",7674859,7675136,277,0.4361879091114
"pair_1578","spacer_150","spacer_153",7673788,7673828,40,0.43578684910881
"pair_2164","spacer_164","spacer_216",7674234,7675188,954,0.435780507255144
"pair_2256","spacer_166","spacer_212",7674238,7675178,940,0.435746798889265
"pair_3970","spacer_230","spacer_270",7676040,7676173,133,0.4357007039159
"pair_2555","spacer_173","spacer_204",7674859,7675149,290,0.435661741117017
"pair_2338","spacer_168","spacer_199",7674262,7675136,874,0.435651644709136
"pair_3848","spacer_226","spacer_287",7676008,7676265,257,0.435624609303733
"pair_2861","spacer_184","spacer_202",7674955,7675142,187,0.435585396193365
"pair_2266","spacer_167","spacer_170",7674236,7674269,33,0.435569057334735
"pair_1475","spacer_145","spacer_155",7673772,7674185,413,0.435555631667438
"pair_1328","spacer_136","spacer_166",7673716,7674238,522,0.435484801601158
"pair_699","spacer_113","spacer_124",7673251,7673576,325,0.435437943559796
"pair_617","spacer_99","spacer_111",7670646,7670708,62,0.435422027734048
"pair_857","spacer_118","spacer_159",7673537,7674209,672,0.43540127548425
"pair_3142","spacer_193","spacer_224",7675078,7675227,149,0.4353975675642
"pair_3533","spacer_208","spacer_261",7675154,7676143,989,0.435364592878895
"pair_162","spacer_58","spacer_70",7669618,7669692,74,0.435356481560824
"pair_3884","spacer_227","spacer_288",7676023,7676266,243,0.435335813237829
"pair_4126","spacer_242","spacer_259",7676089,7676141,52,0.435288145683232
"pair_3255","spacer_197","spacer_208",7675106,7675154,48,0.435278417764235
"pair_2343","spacer_168","spacer_204",7674262,7675149,887,0.435125476714753
"pair_1582","spacer_150","spacer_157",7673788,7674200,412,0.435116099711994
"pair_656","spacer_112","spacer_121",7673232,7673559,327,0.435113143067563
"pair_3645","spacer_214","spacer_254",7675183,7676124,941,0.435010432361914
"pair_3425","spacer_203","spacer_256",7675143,7676127,984,0.435000672539418
"pair_995","spacer_122","spacer_145",7673571,7673772,201,0.434798845910781
"pair_3620","spacer_213","spacer_241",7675179,7676088,909,0.434691751530911
"pair_2053","spacer_162","spacer_197",7674217,7675106,889,0.434660533295051
"pair_2910","spacer_186","spacer_193",7674959,7675078,119,0.434634365318635
"pair_3305","spacer_199","spacer_210",7675136,7675156,20,0.434563595348713
"pair_288","spacer_72","spacer_106",7669706,7670664,958,0.434556963007287
"pair_3799","spacer_225","spacer_274",7675998,7676192,194,0.434520665119032
"pair_2957","spacer_187","spacer_213",7674960,7675179,219,0.434501843472827
"pair_279","spacer_72","spacer_95",7669706,7670634,928,0.43448719754715
"pair_3753","spacer_224","spacer_228",7675227,7676024,797,0.434458288142585
"pair_2444","spacer_170","spacer_217",7674269,7675194,925,0.43439798370132
"pair_960","spacer_121","spacer_148",7673559,7673789,230,0.434384268967115
"pair_1677","spacer_155","spacer_170",7674185,7674269,84,0.434331876342276
"pair_1892","spacer_159","spacer_183",7674209,7674941,732,0.434292218307512
"pair_3886","spacer_227","spacer_296",7676023,7676555,532,0.434219361015284
"pair_3742","spacer_219","spacer_261",7675202,7676143,941,0.434215351768337
"pair_2172","spacer_165","spacer_172",7674237,7674863,626,0.434214035005269
"pair_37","spacer_16","spacer_24",7666197,7666230,33,0.434207446679594
"pair_2364","spacer_169","spacer_180",7674266,7674926,660,0.434154226780182
"pair_3264","spacer_197","spacer_219",7675106,7675202,96,0.434129176653676
"pair_1199","spacer_129","spacer_165",7673598,7674237,639,0.434072396906805
"pair_368","spacer_75","spacer_106",7669736,7670664,928,0.43406726486029
"pair_2526","spacer_172","spacer_216",7674863,7675188,325,0.43406313365364
"pair_359","spacer_75","spacer_95",7669736,7670634,898,0.433997499400153
"pair_875","spacer_119","spacer_136",7673559,7673716,157,0.433976833962701
"pair_3428","spacer_203","spacer_260",7675143,7676142,999,0.433945571760119
"pair_479","spacer_83","spacer_98",7669772,7670642,870,0.433897180746133
"pair_3700","spacer_217","spacer_225",7675194,7675998,804,0.433836546394705
"pair_3178","spacer_194","spacer_229",7675079,7676039,960,0.433741182517121
"pair_2421","spacer_170","spacer_192",7674269,7675077,808,0.43372732591535
"pair_4135","spacer_242","spacer_275",7676089,7676193,104,0.433704129283204
"pair_4377","spacer_271","spacer_288",7676174,7676266,92,0.433634638486181
"pair_2077","spacer_163","spacer_172",7674224,7674863,639,0.433587141757815
"pair_1020","spacer_122","spacer_170",7673571,7674269,698,0.433575090585618
"pair_284","spacer_72","spacer_101",7669706,7670651,945,0.433452320332867
"pair_1197","spacer_129","spacer_163",7673598,7674224,626,0.433445503659351
"pair_2128","spacer_164","spacer_176",7674234,7674871,637,0.433413847372074
"pair_2017","spacer_161","spacer_212",7674221,7675178,957,0.433368508726443
"pair_1819","spacer_157","spacer_213",7674200,7675179,979,0.433256209128491
"pair_3315","spacer_199","spacer_226",7675136,7676008,872,0.433191138526947
"pair_3112","spacer_192","spacer_225",7675077,7675998,921,0.433165888608734
"pair_1507","spacer_146","spacer_166",7673779,7674238,459,0.433132193624626
"pair_1323","spacer_136","spacer_161",7673716,7674221,505,0.433106511438336
"pair_4304","spacer_261","spacer_270",7676143,7676173,30,0.433076755550523
"pair_2217","spacer_166","spacer_169",7674238,7674266,28,0.433039341154063
"pair_3581","spacer_210","spacer_256",7675156,7676127,971,0.433037672691273
"pair_3335","spacer_200","spacer_214",7675131,7675183,52,0.433014213353454
"pair_3959","spacer_229","spacer_301",7676039,7676591,552,0.432973844010637
"pair_1737","spacer_156","spacer_181",7674196,7674940,744,0.4329669615689
"pair_364","spacer_75","spacer_101",7669736,7670651,915,0.43296262218587
"pair_221","spacer_70","spacer_87",7669692,7669784,92,0.432916202527762
"pair_2628","spacer_175","spacer_199",7674870,7675136,266,0.432877941743631
"pair_3439","spacer_204","spacer_226",7675149,7676008,859,0.432664970532564
"pair_1408","spacer_141","spacer_159",7673746,7674209,463,0.432617791220954
"pair_277","spacer_72","spacer_93",7669706,7670632,926,0.432613569930812
"pair_129","spacer_42","spacer_52",7667311,7667392,81,0.432552357853362
"pair_4379","spacer_271","spacer_296",7676174,7676555,381,0.432518186263636
"pair_2424","spacer_170","spacer_195",7674269,7675095,826,0.432514775974165
"pair_3948","spacer_229","spacer_283",7676039,7676254,215,0.432498204112124
"pair_3587","spacer_212","spacer_224",7675178,7675227,49,0.432489138760547
"pair_2705","spacer_179","spacer_200",7674917,7675131,214,0.432467091138548
"pair_672","spacer_112","spacer_145",7673232,7673772,540,0.432428930485131
"pair_1941","spacer_160","spacer_181",7674210,7674940,730,0.432384706874245
"pair_492","spacer_84","spacer_92",7669783,7670631,848,0.432378620616943
"pair_2633","spacer_175","spacer_204",7674870,7675149,279,0.432351773749248
"pair_2554","spacer_173","spacer_203",7674859,7675143,284,0.432204587173704
"pair_357","spacer_75","spacer_93",7669736,7670632,896,0.432123871783815
"pair_2157","spacer_164","spacer_208",7674234,7675154,920,0.432078042300237
"pair_3584","spacer_210","spacer_260",7675156,7676142,986,0.431982571911974
"pair_3203","spacer_195","spacer_225",7675095,7675998,903,0.43195333866755
"pair_4467","spacer_278","spacer_284",7676232,7676258,26,0.431873393849051
"pair_1911","spacer_159","spacer_202",7674209,7675142,933,0.431837479799561
"pair_2927","spacer_186","spacer_212",7674959,7675178,219,0.431725936514981
"pair_3068","spacer_191","spacer_206",7675076,7675150,74,0.431704806173412
"pair_2342","spacer_168","spacer_203",7674262,7675143,881,0.43166832277144
"pair_3827","spacer_226","spacer_256",7676008,7676127,119,0.431665215869508
"pair_882","spacer_119","spacer_146",7673559,7673779,220,0.431624225986168
"pair_905","spacer_119","spacer_169",7673559,7674266,707,0.431531373515605
"pair_3882","spacer_227","spacer_286",7676023,7676264,241,0.431478336236909
"pair_3279","spacer_198","spacer_206",7675125,7675150,25,0.431425165668861
"pair_20","spacer_6","spacer_11",7661990,7662013,23,0.431414306137139
"pair_1530","spacer_147","spacer_168",7673788,7674262,474,0.431385638672863
"pair_3765","spacer_224","spacer_259",7675227,7676141,914,0.431375927573001
"pair_1163","spacer_128","spacer_164",7673597,7674234,637,0.431352708159054
"pair_2314","spacer_168","spacer_173",7674262,7674859,597,0.431329636685983
"pair_2281","spacer_167","spacer_187",7674236,7674960,724,0.431137725690681
"pair_3918","spacer_228","spacer_287",7676024,7676265,241,0.431032526779539
"pair_2166","spacer_164","spacer_219",7674234,7675202,968,0.430928801189678
"pair_710","spacer_113","spacer_142",7673251,7673747,496,0.430920284883891
"pair_4104","spacer_241","spacer_274",7676088,7676192,104,0.430840678839677
"pair_1746","spacer_156","spacer_190",7674196,7675073,877,0.430772447700292
"pair_1502","spacer_146","spacer_161",7673779,7674221,442,0.430753903461803
"pair_1978","spacer_161","spacer_169",7674221,7674266,45,0.43066105099124
"pair_3830","spacer_226","spacer_260",7676008,7676142,134,0.430610115090209
"pair_3780","spacer_225","spacer_229",7675998,7676039,41,0.430609407437733
"pair_4458","spacer_277","spacer_288",7676225,7676266,41,0.430601555179862
"pair_1033","spacer_123","spacer_145",7673575,7673772,197,0.43058094246973
"pair_1643","spacer_153","spacer_167",7673828,7674236,408,0.43056284074316
"pair_123","spacer_41","spacer_56",7667310,7667403,93,0.430540329597888
"pair_1553","spacer_148","spacer_170",7673789,7674269,480,0.430476301059521
"pair_3555","spacer_209","spacer_256",7675155,7676127,972,0.430471533255048
"pair_2519","spacer_172","spacer_208",7674863,7675154,291,0.430360668698733
"pair_258","spacer_71","spacer_103",7669705,7670646,941,0.430254933475674
"pair_2820","spacer_183","spacer_190",7674941,7675073,132,0.430250517439672
"pair_2560","spacer_173","spacer_210",7674859,7675156,297,0.430241587325559
"pair_378","spacer_78","spacer_92",7669755,7670631,876,0.430209505135652
"pair_1950","spacer_160","spacer_190",7674210,7675073,863,0.430190193005637
"pair_3709","spacer_217","spacer_241",7675194,7676088,894,0.430156560115351
"pair_948","spacer_121","spacer_130",7673559,7673608,49,0.430130848044695
"pair_87","spacer_38","spacer_44",7667297,7667347,50,0.430091012443488
"pair_141","spacer_43","spacer_56",7667324,7667403,79,0.430057896762918
"pair_85","spacer_28","spacer_56",7667212,7667403,191,0.430035112389422
"pair_3181","spacer_194","spacer_235",7675079,7676055,976,0.430002448203432
"pair_2772","spacer_181","spacer_202",7674940,7675142,202,0.429990292800329
"pair_2961","spacer_187","spacer_217",7674960,7675194,234,0.429966652057267
"pair_970","spacer_121","spacer_158",7673559,7674205,646,0.429951193365152
"pair_1692","spacer_155","spacer_187",7674185,7674960,775,0.429900544698222
"pair_1777","spacer_157","spacer_167",7674200,7674236,36,0.429892091346345
"pair_448","spacer_81","spacer_104",7669767,7670660,893,0.429849135679142
"pair_3774","spacer_224","spacer_275",7675227,7676193,966,0.429791911172973
"pair_2401","spacer_169","spacer_224",7674266,7675227,961,0.429781681025344
"pair_4375","spacer_271","spacer_286",7676174,7676264,90,0.429777161485262
"pair_800","spacer_117","spacer_147",7673536,7673788,252,0.429771864867647
"pair_2030","spacer_162","spacer_172",7674217,7674863,646,0.429742784229549
"pair_2348","spacer_168","spacer_210",7674262,7675156,894,0.429705322923295
"pair_3469","spacer_206","spacer_230",7675150,7676040,890,0.429653935822238
"pair_1246","spacer_134","spacer_146",7673714,7673779,65,0.429649789660998
"pair_1196","spacer_129","spacer_162",7673598,7674217,619,0.429601146131085
"pair_1269","spacer_134","spacer_169",7673714,7674266,552,0.429556937190435
"pair_3124","spacer_193","spacer_199",7675078,7675136,58,0.429538335424368
"pair_4133","spacer_242","spacer_273",7676089,7676198,109,0.429503867557861
"pair_4460","spacer_277","spacer_296",7676225,7676555,330,0.429485102957317
"pair_3558","spacer_209","spacer_260",7675155,7676142,987,0.429416432475749
"pair_1058","spacer_123","spacer_170",7673575,7674269,694,0.429357187144567
"pair_950","spacer_121","spacer_135",7673559,7673715,156,0.429335437371763
"pair_1631","spacer_153","spacer_155",7673828,7674185,357,0.429325659750701
"pair_2938","spacer_187","spacer_192",7674960,7675077,117,0.429295994271296
"pair_4059","spacer_235","spacer_301",7676055,7676591,536,0.429235109696947
"pair_2528","spacer_172","spacer_219",7674863,7675202,339,0.429211427588175
"pair_3413","spacer_203","spacer_226",7675143,7676008,865,0.429207816589251
"pair_821","spacer_117","spacer_168",7673536,7674262,726,0.429179598478503
"pair_4538","spacer_287","spacer_300",7676265,7676593,328,0.429171585069724
"pair_2899","spacer_185","spacer_213",7674958,7675179,221,0.429092511577478
"pair_2370","spacer_169","spacer_186",7674266,7674959,693,0.429018478779779
"pair_3129","spacer_193","spacer_204",7675078,7675149,71,0.429012167429985
"pair_2632","spacer_175","spacer_203",7674870,7675143,273,0.428894619805935
"pair_558","spacer_87","spacer_106",7669784,7670664,880,0.428856776168641
"pair_2969","spacer_188","spacer_194",7674971,7675079,108,0.428815517041523
"pair_549","spacer_87","spacer_95",7669784,7670634,850,0.428787010708504
"pair_4048","spacer_235","spacer_283",7676055,7676254,199,0.428759469798434
"pair_1823","spacer_157","spacer_217",7674200,7675194,994,0.42872101771293
"pair_473","spacer_82","spacer_111",7669771,7670708,937,0.428622011975093
"pair_1852","spacer_158","spacer_194",7674205,7675079,874,0.428613563230331
"pair_3317","spacer_199","spacer_228",7675136,7676024,888,0.428599056002753
"pair_1003","spacer_122","spacer_153",7673571,7673828,257,0.428568873994044
"pair_3083","spacer_191","spacer_227",7675076,7676023,947,0.428536854409293
"pair_774","spacer_116","spacer_166",7673539,7674238,699,0.428487440377909
"pair_510","spacer_85","spacer_92",7669779,7670631,852,0.428394579995486
"pair_638","spacer_104","spacer_111",7670660,7670708,48,0.428375057502039
"pair_238","spacer_71","spacer_75",7669705,7669736,31,0.428292318362308
"pair_3212","spacer_195","spacer_241",7675095,7676088,993,0.428273352388196
"pair_4490","spacer_279","spacer_301",7676226,7676591,365,0.42826050657501
"pair_3294","spacer_198","spacer_227",7675125,7676023,898,0.428257213904741
"pair_2941","spacer_187","spacer_195",7674960,7675095,135,0.428083444330112
"pair_3441","spacer_204","spacer_228",7675149,7676024,875,0.42807288800837
"pair_1800","spacer_157","spacer_192",7674200,7675077,877,0.428050359926959
"pair_2316","spacer_168","spacer_175",7674262,7674870,608,0.428019669318214
"pair_4271","spacer_259","spacer_287",7676141,7676265,124,0.427950166209954
"pair_1007","spacer_122","spacer_157",7673571,7674200,629,0.427898124597228
"pair_4350","spacer_270","spacer_278",7676173,7676232,59,0.427881442253094
"pair_3034","spacer_190","spacer_202",7675073,7675142,69,0.427795778931721
"pair_4479","spacer_279","spacer_283",7676226,7676254,28,0.427784866676498
"pair_554","spacer_87","spacer_101",7669784,7670651,867,0.427752133494221
"pair_2559","spacer_173","spacer_209",7674859,7675155,296,0.427675447889334
"pair_2485","spacer_171","spacer_214",7674290,7675183,893,0.427530090066701
"pair_1659","spacer_154","spacer_166",7673829,7674238,409,0.427461478728091
"pair_1214","spacer_130","spacer_145",7673608,7673772,164,0.427446635462264
"pair_1090","spacer_124","spacer_164",7673576,7674234,658,0.427417365897906
"pair_1478","spacer_145","spacer_158",7673772,7674205,433,0.42726698078272
"pair_3569","spacer_210","spacer_226",7675156,7676008,852,0.427244816741106
"pair_977","spacer_121","spacer_165",7673559,7674237,678,0.427195531708057
"pair_2347","spacer_168","spacer_209",7674262,7675155,893,0.42713918348707
"pair_4132","spacer_242","spacer_272",7676089,7676186,97,0.427123374322332
"pair_3897","spacer_228","spacer_256",7676024,7676127,103,0.427073133345314
"pair_2850","spacer_184","spacer_191",7674955,7675076,121,0.427066789891169
"pair_3481","spacer_206","spacer_261",7675150,7676143,993,0.427029987456861
"pair_2452","spacer_171","spacer_179",7674290,7674917,627,0.426982967851795
"pair_735","spacer_116","spacer_119",7673539,7673559,20,0.426979472739452
"pair_570","spacer_92","spacer_109",7670631,7670712,81,0.426959399340215
"pair_3253","spacer_197","spacer_206",7675106,7675150,44,0.426943812342201
"pair_2638","spacer_175","spacer_210",7674870,7675156,286,0.42693161995779
"pair_3927","spacer_229","spacer_241",7676039,7676088,49,0.426929421158378
"pair_4061","spacer_236","spacer_242",7676059,7676089,30,0.426916007663339
"pair_547","spacer_87","spacer_93",7669784,7670632,848,0.426913383092166
"pair_3783","spacer_225","spacer_235",7675998,7676055,57,0.426870673124043
"pair_1803","spacer_157","spacer_195",7674200,7675095,895,0.426837809985775
"pair_2857","spacer_184","spacer_198",7674955,7675125,170,0.426787149386618
"pair_4456","spacer_277","spacer_286",7676225,7676264,39,0.426744078178942
"pair_1276","spacer_135","spacer_145",7673715,7673772,57,0.426651224789331
"pair_3306","spacer_199","spacer_212",7675136,7675178,42,0.426629906620714
"pair_975","spacer_121","spacer_163",7673559,7674224,665,0.426568638460602
"pair_569","spacer_92","spacer_108",7670631,7670681,50,0.426478109675999
"pair_4444","spacer_275","spacer_287",7676193,7676265,72,0.426366149809926
"pair_2417","spacer_170","spacer_188",7674269,7674971,702,0.42624517926875
"pair_1239","spacer_130","spacer_170",7673608,7674269,661,0.426222880137101
"pair_680","spacer_112","spacer_153",7673232,7673828,596,0.426198958568394
"pair_403","spacer_79","spacer_96",7669761,7670635,874,0.426187642176228
"pair_769","spacer_116","spacer_161",7673539,7674221,682,0.426109150215087
"pair_3430","spacer_204","spacer_212",7675149,7675178,29,0.426103738626331
"pair_1830","spacer_158","spacer_170",7674205,7674269,64,0.426043225457557
"pair_3900","spacer_228","spacer_260",7676024,7676142,118,0.426018032566015
"pair_890","spacer_119","spacer_154",7673559,7673829,270,0.425953511089634
"pair_3803","spacer_225","spacer_279",7675998,7676226,228,0.425896070002106
"pair_2192","spacer_165","spacer_194",7674237,7675079,842,0.425857901573236
"pair_285","spacer_72","spacer_103",7669706,7670646,940,0.425728696998493
"pair_2279","spacer_167","spacer_185",7674236,7674958,722,0.425728393795331
"pair_3170","spacer_194","spacer_216",7675079,7675188,109,0.425707000221607
"pair_3772","spacer_224","spacer_273",7675227,7676198,971,0.42559164944763
"pair_1061","spacer_124","spacer_129",7673576,7673598,22,0.425558354197939
"pair_3128","spacer_193","spacer_203",7675078,7675143,65,0.425555013486671
"pair_62","spacer_26","spacer_44",7667176,7667347,171,0.425543916025473
"pair_684","spacer_112","spacer_157",7673232,7674200,968,0.425528209171579
"pair_163","spacer_58","spacer_71",7669618,7669705,87,0.425522108703721
"pair_1536","spacer_148","spacer_153",7673789,7673828,39,0.425470084467946
"pair_1301","spacer_135","spacer_170",7673715,7674269,554,0.425427469464169
"pair_365","spacer_75","spacer_103",7669736,7670646,910,0.425238998851496
"pair_2097","spacer_163","spacer_194",7674224,7675079,855,0.425231008325782
"pair_2544","spacer_173","spacer_193",7674859,7675078,219,0.425216327401215
"pair_4229","spacer_256","spacer_300",7676127,7676593,466,0.4252121916355
"pair_3601","spacer_212","spacer_256",7675178,7676127,949,0.425103983963275
"pair_1654","spacer_154","spacer_161",7673829,7674221,392,0.425083188565269
"pair_745","spacer_116","spacer_134",7673539,7673714,175,0.425005036414282
"pair_157","spacer_47","spacer_56",7667349,7667403,54,0.424998488742207
"pair_3453","spacer_204","spacer_259",7675149,7676141,992,0.424990527438785
"pair_485","spacer_83","spacer_105",7669772,7670669,897,0.424985645543433
"pair_333","spacer_74","spacer_96",7669735,7670635,900,0.424806412783531
"pair_1540","spacer_148","spacer_157",7673789,7674200,411,0.424799335071131
"pair_3971","spacer_230","spacer_271",7676040,7676174,134,0.424784809306471
"pair_148","spacer_45","spacer_55",7667344,7667402,58,0.424708728932458
"pair_2332","spacer_168","spacer_193",7674262,7675078,816,0.42468006299895
"pair_3543","spacer_209","spacer_226",7675155,7676008,853,0.424678677304881
"pair_3415","spacer_203","spacer_228",7675143,7676024,881,0.424615734065057
"pair_2903","spacer_185","spacer_217",7674958,7675194,236,0.424557320161917
"pair_1485","spacer_145","spacer_165",7673772,7674237,465,0.424511319125625
"pair_1591","spacer_150","spacer_166",7673788,7674238,450,0.42449419775392
"pair_1690","spacer_155","spacer_185",7674185,7674958,773,0.424491212802873
"pair_2637","spacer_175","spacer_209",7674870,7675155,285,0.424365480521565
"pair_1041","spacer_123","spacer_153",7673575,7673828,253,0.424350970552992
"pair_4301","spacer_260","spacer_300",7676142,7676593,451,0.4241570908562
"pair_201","spacer_60","spacer_79",7669630,7669761,131,0.424073698559968
"pair_3604","spacer_212","spacer_260",7675178,7676142,964,0.424048883183976
"pair_1254","spacer_134","spacer_154",7673714,7673829,115,0.423979074764464
"pair_2383","spacer_169","spacer_199",7674266,7675136,870,0.423922448885512
"pair_2880","spacer_185","spacer_192",7674958,7675077,119,0.423886662375946
"pair_1483","spacer_145","spacer_163",7673772,7674224,452,0.423884425878171
"pair_3866","spacer_227","spacer_261",7676023,7676143,120,0.423862035692742
"pair_4523","spacer_285","spacer_296",7676263,7676555,292,0.42381099148094
"pair_3268","spacer_197","spacer_227",7675106,7676023,917,0.423775860578081
"pair_265","spacer_72","spacer_75",7669706,7669736,30,0.423766081885126
"pair_2750","spacer_180","spacer_213",7674926,7675179,253,0.423749192796536
"pair_2155","spacer_164","spacer_206",7674234,7675150,916,0.423743436878203
"pair_1045","spacer_123","spacer_157",7673575,7674200,625,0.423680221156177
"pair_3134","spacer_193","spacer_210",7675078,7675156,78,0.423592013638527
"pair_2388","spacer_169","spacer_204",7674266,7675149,883,0.423396280891129
"pair_726","spacer_113","spacer_159",7673251,7674209,958,0.423378081864046
"pair_2662","spacer_176","spacer_194",7674871,7675079,208,0.423340340338537
"pair_1900","spacer_159","spacer_191",7674209,7675076,867,0.423318873497365
"pair_3621","spacer_213","spacer_242",7675179,7676089,910,0.42328886515193
"pair_2170","spacer_165","spacer_170",7674237,7674269,32,0.423287563800462
"pair_3771","spacer_224","spacer_272",7675227,7676186,959,0.423211156212101
"pair_4027","spacer_235","spacer_241",7676055,7676088,33,0.423190686844688
"pair_2443","spacer_170","spacer_216",7674269,7675188,919,0.423136662448833
"pair_401","spacer_79","spacer_94",7669761,7670633,872,0.423130299062864
"pair_248","spacer_71","spacer_87",7669705,7669784,79,0.423081829670658
"pair_1907","spacer_159","spacer_198",7674209,7675125,916,0.423039232992814
"pair_3758","spacer_224","spacer_236",7675227,7676059,832,0.423003789553108
"pair_886","spacer_119","spacer_150",7673559,7673788,229,0.422986230115463
"pair_4521","spacer_284","spacer_301",7676258,7676591,333,0.4229413110278
"pair_1441","spacer_142","spacer_164",7673747,7674234,487,0.422899707222001
"pair_974","spacer_121","spacer_162",7673559,7674217,658,0.422724280932337
"pair_528","spacer_86","spacer_92",7669783,7670631,848,0.422701277759257
"pair_198","spacer_60","spacer_74",7669630,7669735,105,0.422692469167271
"pair_2883","spacer_185","spacer_195",7674958,7675095,137,0.422674112434762
"pair_2075","spacer_163","spacer_170",7674224,7674269,45,0.422660670553008
"pair_3571","spacer_210","spacer_228",7675156,7676024,868,0.422652734216912
"pair_3404","spacer_203","spacer_212",7675143,7675178,35,0.422646584683018
"pair_2257","spacer_166","spacer_213",7674238,7675179,941,0.422634307170417
"pair_946","spacer_121","spacer_128",7673559,7673597,38,0.422616831260337
"pair_3677","spacer_216","spacer_225",7675188,7675998,810,0.422575225142218
"pair_480","spacer_83","spacer_99",7669772,7670646,874,0.42246169424933
"pair_4213","spacer_256","spacer_275",7676127,7676193,66,0.422406756375702
"pair_2561","spacer_173","spacer_212",7674859,7675178,319,0.422307898597561
"pair_2856","spacer_184","spacer_197",7674955,7675106,151,0.422305796059958
"pair_3144","spacer_193","spacer_226",7675078,7676008,930,0.422219556816762
"pair_4108","spacer_241","spacer_279",7676088,7676226,138,0.422216083722752
"pair_4410","spacer_273","spacer_287",7676198,7676265,67,0.422165888084583
"pair_4305","spacer_261","spacer_271",7676143,7676174,31,0.422160860941094
"pair_38","spacer_16","spacer_26",7666197,7667176,979,0.422117527630965
"pair_1586","spacer_150","spacer_161",7673788,7674221,433,0.422115907591098
"pair_3401","spacer_202","spacer_258",7675142,7676135,993,0.422111073249447
"pair_91","spacer_38","spacer_48",7667297,7667350,53,0.422108963560074
"pair_1309","spacer_136","spacer_147",7673716,7673788,72,0.422101903296334
"pair_2517","spacer_172","spacer_206",7674863,7675150,287,0.422026063276699
"pair_3163","spacer_194","spacer_208",7675079,7675154,75,0.4220045352667
"pair_2622","spacer_175","spacer_193",7674870,7675078,208,0.421906360033446
"pair_6","spacer_3","spacer_11",7661962,7662013,51,0.421810454607969
"pair_2349","spacer_168","spacer_212",7674262,7675178,916,0.421771634195297
"pair_23","spacer_13","spacer_20",7666187,7666224,37,0.421754259998631
"pair_3976","spacer_230","spacer_277",7676040,7676225,185,0.421751726000152
"pair_331","spacer_74","spacer_94",7669735,7670633,898,0.421749069670166
"pair_1845","spacer_158","spacer_187",7674205,7674960,755,0.421611893813504
"pair_3427","spacer_203","spacer_259",7675143,7676141,998,0.421533373495472
"pair_1330","spacer_136","spacer_168",7673716,7674262,546,0.42150963690719
"pair_2761","spacer_181","spacer_191",7674940,7675076,136,0.421471686498134
"pair_2050","spacer_162","spacer_194",7674217,7675079,862,0.421386650797516
"pair_4285","spacer_260","spacer_275",7676142,7676193,51,0.421351655596402
"pair_1222","spacer_130","spacer_153",7673608,7673828,220,0.421216663545527
"pair_2768","spacer_181","spacer_198",7674940,7675125,185,0.421192045993582
"pair_1177","spacer_129","spacer_142",7673598,7673747,149,0.421040695522034
"pair_1634","spacer_153","spacer_158",7673828,7674205,377,0.421037008865983
"pair_3133","spacer_193","spacer_209",7675078,7675155,77,0.421025874202302
"pair_1250","spacer_134","spacer_150",7673714,7673788,74,0.421011793790293
"pair_164","spacer_58","spacer_72",7669618,7669706,88,0.420995872226539
"pair_3172","spacer_194","spacer_219",7675079,7675202,123,0.420855294156141
"pair_2407","spacer_170","spacer_176",7674269,7674871,602,0.420770002565763
"pair_3560","spacer_210","spacer_212",7675156,7675178,22,0.420683584834873
"pair_226","spacer_70","spacer_96",7669692,7670635,943,0.420602750079882
"pair_3807","spacer_225","spacer_284",7675998,7676258,260,0.420576874454896
"pair_1796","spacer_157","spacer_188",7674200,7674971,771,0.420568213280359
"pair_1226","spacer_130","spacer_157",7673608,7674200,592,0.420545914148711
"pair_167","spacer_58","spacer_75",7669618,7669736,118,0.420506174079543
"pair_1284","spacer_135","spacer_153",7673715,7673828,113,0.420421252872594
"pair_4248","spacer_258","spacer_288",7676135,7676266,131,0.420391425775788
"pair_2274","spacer_167","spacer_180",7674236,7674926,690,0.420385075014389
"pair_2018","spacer_161","spacer_213",7674221,7675179,958,0.420256017007595
"pair_36","spacer_16","spacer_23",7666197,7666226,29,0.420255491583111
"pair_3545","spacer_209","spacer_228",7675155,7676024,869,0.420086594780687
"pair_1482","spacer_145","spacer_162",7673772,7674217,445,0.420040068349905
"pair_555","spacer_87","spacer_103",7669784,7670646,862,0.420028510159847
"pair_2387","spacer_169","spacer_203",7674266,7675143,877,0.419939126947816
"pair_1144","spacer_128","spacer_145",7673597,7673772,175,0.419932618677905
"pair_792","spacer_117","spacer_136",7673536,7673716,180,0.419895863101975
"pair_4393","spacer_272","spacer_287",7676186,7676265,79,0.419785394849054
"pair_1288","spacer_135","spacer_157",7673715,7674200,485,0.419750503475778
"pair_1531","spacer_147","spacer_169",7673788,7674266,478,0.419656442849239
"pair_2359","spacer_169","spacer_173",7674266,7674859,593,0.419600440862359
"pair_4085","spacer_236","spacer_287",7676059,7676265,206,0.419578028190061
"pair_3583","spacer_210","spacer_259",7675156,7676141,985,0.419570373647327
"pair_152","spacer_46","spacer_55",7667345,7667402,57,0.419536901892775
"pair_4134","spacer_242","spacer_274",7676089,7676192,103,0.419437792460695
"pair_2436","spacer_170","spacer_208",7674269,7675154,885,0.419434197493926
"pair_3854","spacer_226","spacer_300",7676008,7676593,585,0.419419335685332
"pair_3610","spacer_213","spacer_224",7675179,7675227,48,0.419376647041699
"pair_3589","spacer_212","spacer_226",7675178,7676008,830,0.419311128013108
"pair_4250","spacer_258","spacer_296",7676135,7676555,420,0.419274973553243
"pair_2754","spacer_180","spacer_217",7674926,7675194,268,0.419214001380975
"pair_1509","spacer_146","spacer_168",7673779,7674262,483,0.419157028930658
"pair_1685","spacer_155","spacer_180",7674185,7674926,741,0.419147894021931
"pair_4310","spacer_261","spacer_277",7676143,7676225,82,0.419127777634775
"pair_2134","spacer_164","spacer_184",7674234,7674955,721,0.41910542059596
"pair_1768","spacer_156","spacer_214",7674196,7675183,987,0.419080909397516
"pair_2639","spacer_175","spacer_212",7674870,7675178,308,0.418997931229792
"pair_3030","spacer_190","spacer_198",7675073,7675125,52,0.418997532124974
"pair_4365","spacer_270","spacer_301",7676173,7676591,418,0.418949359431843
"pair_3686","spacer_216","spacer_241",7675188,7676088,900,0.418895238862864
"pair_3516","spacer_208","spacer_225",7675154,7675998,844,0.418872760187311
"pair_2185","spacer_165","spacer_187",7674237,7674960,723,0.418856232156409
"pair_2028","spacer_162","spacer_170",7674217,7674269,52,0.418816313024742
"pair_3710","spacer_217","spacer_242",7675194,7676089,895,0.418753673736369
"pair_4505","spacer_282","spacer_296",7676253,7676555,302,0.418750935440206
"pair_1169","spacer_128","spacer_170",7673597,7674269,672,0.418708863352743
"pair_2960","spacer_187","spacer_216",7674960,7675188,228,0.41870533080478
"pair_3875","spacer_227","spacer_278",7676023,7676232,209,0.418666722395313
"pair_2928","spacer_186","spacer_213",7674959,7675179,220,0.418613444796133
"pair_2842","spacer_183","spacer_214",7674941,7675183,242,0.418558979136896
"pair_1906","spacer_159","spacer_197",7674209,7675106,897,0.418557879666154
"pair_275","spacer_72","spacer_87",7669706,7669784,78,0.418555593193477
"pair_2731","spacer_180","spacer_192",7674926,7675077,151,0.418543343595004
"pair_1735","spacer_156","spacer_179",7674196,7674917,721,0.41853378718261
"pair_1972","spacer_160","spacer_214",7674210,7675183,973,0.418498654702862
"pair_194","spacer_60","spacer_70",7669630,7669692,62,0.418488806463622
"pair_4354","spacer_270","spacer_283",7676173,7676254,81,0.41847371953333
"pair_2445","spacer_170","spacer_219",7674269,7675202,933,0.418284956383368
"pair_1641","spacer_153","spacer_165",7673828,7674237,409,0.418281347208888
"pair_2090","spacer_163","spacer_187",7674224,7674960,736,0.418229338908954
"pair_4211","spacer_256","spacer_273",7676127,7676198,71,0.418206494650359
"pair_3829","spacer_226","spacer_259",7676008,7676141,133,0.418197916825562
"pair_3534","spacer_209","spacer_212",7675155,7675178,23,0.418117445398648
"pair_2261","spacer_166","spacer_217",7674238,7675194,956,0.418099115754856
"pair_49","spacer_20","spacer_26",7666224,7667176,952,0.418095499420975
"pair_355","spacer_75","spacer_87",7669736,7669784,48,0.41806589504648
"pair_1673","spacer_155","spacer_166",7674185,7674238,53,0.418033008395812
"pair_2688","spacer_179","spacer_183",7674917,7674941,24,0.41801185692199
"pair_2393","spacer_169","spacer_210",7674266,7675156,890,0.417976127099671
"pair_1939","spacer_160","spacer_179",7674210,7674917,707,0.417951532487956
"pair_107","spacer_40","spacer_45",7667305,7667344,39,0.417940708243613
"pair_903","spacer_119","spacer_167",7673559,7674236,677,0.417762221749813
"pair_3725","spacer_219","spacer_225",7675202,7675998,796,0.417723519076753
"pair_1639","spacer_153","spacer_163",7673828,7674224,396,0.417654453961433
"pair_3146","spacer_193","spacer_228",7675078,7676024,946,0.417627474292567
"pair_1775","spacer_157","spacer_165",7674200,7674237,37,0.417610597812072
"pair_66","spacer_26","spacer_48",7667176,7667350,174,0.417561867142058
"pair_224","spacer_70","spacer_94",7669692,7670633,941,0.417545406966517
"pair_799","spacer_117","spacer_146",7673536,7673779,243,0.417543255125442
"pair_396","spacer_79","spacer_84",7669761,7669783,22,0.41749942228452
"pair_1822","spacer_157","spacer_216",7674200,7675188,988,0.417459696460443
"pair_822","spacer_117","spacer_169",7673536,7674266,730,0.417450402654879
"pair_2238","spacer_166","spacer_192",7674238,7675077,839,0.417428457968885
"pair_2496","spacer_172","spacer_184",7674863,7674955,92,0.417388046994456
"pair_2734","spacer_180","spacer_195",7674926,7675095,169,0.41733079365382
"pair_1016","spacer_122","spacer_166",7673571,7674238,667,0.417276222639154
"pair_3055","spacer_190","spacer_230",7675073,7676040,967,0.417226302278352
"pair_4283","spacer_260","spacer_273",7676142,7676198,56,0.417151393871059
"pair_3322","spacer_199","spacer_236",7675136,7676059,923,0.417144557413276
"pair_3557","spacer_209","spacer_259",7675155,7676141,986,0.417004234211102
"pair_1773","spacer_157","spacer_163",7674200,7674224,24,0.416983704564618
"pair_4368","spacer_271","spacer_278",7676174,7676232,58,0.416965547643665
"pair_4112","spacer_241","spacer_284",7676088,7676258,170,0.416896888175541
"pair_3213","spacer_195","spacer_242",7675095,7676089,994,0.416870466009214
"pair_2767","spacer_181","spacer_197",7674940,7675106,166,0.416710692666922
"pair_3446","spacer_204","spacer_236",7675149,7676059,910,0.416618389418893
"pair_3838","spacer_226","spacer_275",7676008,7676193,185,0.416613900425534
"pair_3795","spacer_225","spacer_270",7675998,7676173,175,0.416584922858939
"pair_599","spacer_96","spacer_106",7670635,7670664,29,0.416543323720761
"pair_4246","spacer_258","spacer_286",7676135,7676264,129,0.416533948774868
"pair_891","spacer_119","spacer_155",7673559,7674185,626,0.416525040757355
"pair_2655","spacer_176","spacer_187",7674871,7674960,89,0.41633867092171
"pair_2361","spacer_169","spacer_175",7674266,7674870,604,0.41629047349459
"pair_2241","spacer_166","spacer_195",7674238,7675095,857,0.416215908027701
"pair_1843","spacer_158","spacer_185",7674205,7674958,753,0.416202561918154
"pair_325","spacer_74","spacer_84",7669735,7669783,48,0.416118192891823
"pair_3381","spacer_202","spacer_214",7675142,7675183,41,0.416104240628945
"pair_3983","spacer_230","spacer_285",7676040,7676263,223,0.416077614523775
"pair_2311","spacer_167","spacer_224",7674236,7675227,991,0.416012529259552
"pair_1071","spacer_124","spacer_145",7673576,7673772,196,0.415997276416758
"pair_4210","spacer_256","spacer_272",7676127,7676186,59,0.41582600141483
"pair_1267","spacer_134","spacer_167",7673714,7674236,522,0.415787785424643
"pair_2022","spacer_161","spacer_217",7674221,7675194,973,0.415720825592034
"pair_3135","spacer_193","spacer_212",7675078,7675178,100,0.415658324910529
"pair_1668","spacer_155","spacer_161",7674185,7674221,36,0.415654718232989
"pair_4064","spacer_236","spacer_256",7676059,7676127,68,0.415618634755837
"pair_2707","spacer_179","spacer_202",7674917,7675142,225,0.415557118414039
"pair_3928","spacer_229","spacer_242",7676039,7676089,50,0.415526534779396
"pair_3773","spacer_224","spacer_274",7675227,7676192,965,0.415525574350465
"pair_484","spacer_83","spacer_104",7669772,7670660,888,0.41541472401732
"pair_2392","spacer_169","spacer_209",7674266,7675155,889,0.415409987663446
"pair_1875","spacer_159","spacer_164",7674209,7674234,25,0.415357504202156
"pair_177","spacer_58","spacer_87",7669618,7669784,166,0.415295685387893
"pair_2280","spacer_167","spacer_186",7674236,7674959,723,0.415249327013987
"pair_3525","spacer_208","spacer_241",7675154,7676088,934,0.415192773907957
"pair_185","spacer_59","spacer_79",7669629,7669761,132,0.415156945601407
"pair_755","spacer_116","spacer_147",7673539,7673788,249,0.415104542073085
"pair_1786","spacer_157","spacer_176",7674200,7674871,671,0.415093036577373
"pair_1999","spacer_161","spacer_192",7674221,7675077,856,0.415050167806063
"pair_2953","spacer_187","spacer_208",7674960,7675154,194,0.415002865849873
"pair_1011","spacer_122","spacer_161",7673571,7674221,650,0.414897932476332
"pair_3699","spacer_217","spacer_224",7675194,7675227,33,0.414841455626138
"pair_3924","spacer_228","spacer_300",7676024,7676593,569,0.414827253161138
"pair_1096","spacer_124","spacer_170",7673576,7674269,693,0.414773521091596
"pair_4282","spacer_260","spacer_272",7676142,7676186,44,0.414770900635531
"pair_3591","spacer_212","spacer_228",7675178,7676024,846,0.414719045488914
"pair_4067","spacer_236","spacer_260",7676059,7676142,83,0.414563533976537
"pair_1255","spacer_134","spacer_155",7673714,7674185,471,0.414550604432184
"pair_3029","spacer_190","spacer_197",7675073,7675106,33,0.414516178798314
"pair_776","spacer_116","spacer_168",7673539,7674262,723,0.414512275683941
"pair_2043","spacer_162","spacer_187",7674217,7674960,743,0.414384981380689
"pair_1549","spacer_148","spacer_166",7673789,7674238,449,0.414177433113057
"pair_3111","spacer_192","spacer_224",7675077,7675227,150,0.414170797840167
"pair_955","spacer_121","spacer_142",7673559,7673747,188,0.414163830323285
"pair_1516","spacer_147","spacer_154",7673788,7673829,41,0.414078580423267
"pair_2932","spacer_186","spacer_217",7674959,7675194,235,0.414078253380573
"pair_3734","spacer_219","spacer_241",7675202,7676088,886,0.414043532797398
"pair_1691","spacer_155","spacer_186",7674185,7674959,774,0.414012146021528
"pair_420","spacer_80","spacer_92",7669762,7670631,869,0.413986461500431
"pair_319","spacer_74","spacer_78",7669735,7669755,20,0.413949077410531
"pair_2962","spacer_187","spacer_219",7674960,7675202,242,0.413853624739314
"pair_2002","spacer_161","spacer_195",7674221,7675095,874,0.413837617864879
"pair_1638","spacer_153","spacer_162",7673828,7674217,389,0.413810096433168
"pair_987","spacer_122","spacer_134",7673571,7673714,143,0.413793818675526
"pair_182","spacer_59","spacer_74",7669629,7669735,106,0.41377571620871
"pair_1815","spacer_157","spacer_208",7674200,7675154,954,0.413757231505536
"pair_1152","spacer_128","spacer_153",7673597,7673828,231,0.413702646761168
"pair_3161","spacer_194","spacer_206",7675079,7675150,71,0.413669929844666
"pair_1883","spacer_159","spacer_172",7674209,7674863,654,0.413640130600652
"pair_3899","spacer_228","spacer_259",7676024,7676141,117,0.413605834301368
"pair_3307","spacer_199","spacer_213",7675136,7675179,43,0.413517414901866
"pair_2131","spacer_164","spacer_181",7674234,7674940,706,0.413510317202924
"pair_1193","spacer_129","spacer_159",7673598,7674209,611,0.413498492502188
"pair_1661","spacer_154","spacer_168",7673829,7674262,433,0.413486314034123
"pair_583","spacer_94","spacer_106",7670633,7670664,31,0.413485980607396
"pair_4317","spacer_261","spacer_285",7676143,7676263,120,0.413453666158398
"pair_2183","spacer_165","spacer_185",7674237,7674958,721,0.413446900261059
"pair_2909","spacer_186","spacer_192",7674959,7675077,118,0.413407595594602
"pair_654","spacer_112","spacer_119",7673232,7673559,327,0.413398339575048
"pair_94","spacer_38","spacer_55",7667297,7667402,105,0.413329480138599
"pair_2902","spacer_185","spacer_216",7674958,7675188,230,0.41329599890943
"pair_3420","spacer_203","spacer_236",7675143,7676059,916,0.413161235475579
"pair_1054","spacer_123","spacer_166",7673575,7674238,663,0.413058319198103
"pair_1156","spacer_128","spacer_157",7673597,7674200,603,0.413031897364353
"pair_3431","spacer_204","spacer_213",7675149,7675179,30,0.412991246907483
"pair_3202","spacer_195","spacer_224",7675095,7675227,132,0.412958247898983
"pair_2377","spacer_169","spacer_193",7674266,7675078,812,0.412950867175326
"pair_4100","spacer_241","spacer_270",7676088,7676173,85,0.412904936579584
"pair_2088","spacer_163","spacer_185",7674224,7674958,734,0.412820007013605
"pair_108","spacer_40","spacer_46",7667305,7667345,40,0.412768881203931
"pair_884","spacer_119","spacer_148",7673559,7673789,230,0.4126694654746
"pair_688","spacer_112","spacer_161",7673232,7674221,989,0.412528017050682
"pair_3836","spacer_226","spacer_273",7676008,7676198,190,0.412413638700191
"pair_2912","spacer_186","spacer_195",7674959,7675095,136,0.412195045653418
"pair_326","spacer_74","spacer_85",7669735,7669779,44,0.412134152270366
"pair_4427","spacer_274","spacer_287",7676192,7676265,73,0.412099812987418
"pair_414","spacer_79","spacer_109",7669761,7670712,951,0.412080201007791
"pair_3908","spacer_228","spacer_275",7676024,7676193,169,0.41202181790134
"pair_3624","spacer_213","spacer_256",7675179,7676127,948,0.411991492244427
"pair_218","spacer_70","spacer_84",7669692,7669783,91,0.411914530188173
"pair_807","spacer_117","spacer_154",7673536,7673829,293,0.411872540228908
"pair_1544","spacer_148","spacer_161",7673789,7674221,432,0.411799142950234
"pair_2493","spacer_172","spacer_181",7674863,7674940,77,0.411792943601421
"pair_4028","spacer_235","spacer_242",7676055,7676089,34,0.411787800465707
"pair_4277","spacer_259","spacer_300",7676141,7676593,452,0.411744892591553
"pair_3603","spacer_212","spacer_259",7675178,7676141,963,0.411636684919329
"pair_3754","spacer_224","spacer_229",7675227,7676039,812,0.411614316669165
"pair_413","spacer_79","spacer_108",7669761,7670681,920,0.411598911343575
"pair_3965","spacer_230","spacer_258",7676040,7676135,95,0.411541596596077
"pair_1422","spacer_142","spacer_145",7673747,7673772,25,0.411479617740853
"pair_664","spacer_112","spacer_134",7673232,7673714,482,0.411423903249877
"pair_2140","spacer_164","spacer_190",7674234,7675073,839,0.411315803334316
"pair_3576","spacer_210","spacer_236",7675156,7676059,903,0.411198235627435
"pair_2434","spacer_170","spacer_206",7674269,7675150,881,0.411099592071892
"pair_2727","spacer_180","spacer_188",7674926,7674971,45,0.411061196948404
"pair_3980","spacer_230","spacer_282",7676040,7676253,213,0.411017558483041
"pair_3627","spacer_213","spacer_260",7675179,7676142,963,0.410936391465128
"pair_2653","spacer_176","spacer_185",7674871,7674958,87,0.41092933902636
"pair_1838","spacer_158","spacer_180",7674205,7674926,721,0.410859243137212
"pair_4138","spacer_242","spacer_279",7676089,7676226,137,0.41081319734377
"pair_253","spacer_71","spacer_96",7669705,7670635,930,0.410768377222779
"pair_344","spacer_74","spacer_109",7669735,7670712,977,0.410698971615094
"pair_1248","spacer_134","spacer_148",7673714,7673789,75,0.410695029149429
"pair_1049","spacer_123","spacer_161",7673575,7674221,646,0.41068002903528
"pair_406","spacer_79","spacer_100",7669761,7670647,886,0.410663214623424
"pair_3464","spacer_206","spacer_225",7675150,7675998,848,0.410538154765277
"pair_1593","spacer_150","spacer_168",7673788,7674262,474,0.410519033059952
"pair_3176","spacer_194","spacer_227",7675079,7676023,944,0.410501978080546
"pair_1447","spacer_142","spacer_170",7673747,7674269,522,0.410255862415691
"pair_343","spacer_74","spacer_108",7669735,7670681,946,0.410217681950878
"pair_4450","spacer_275","spacer_300",7676193,7676593,400,0.410160876191526
"pair_2293","spacer_167","spacer_199",7674236,7675136,900,0.41015329711972
"pair_2394","spacer_169","spacer_212",7674266,7675178,912,0.410042438371673
"pair_3835","spacer_226","spacer_272",7676008,7676186,178,0.410033145464663
"pair_2234","spacer_166","spacer_188",7674238,7674971,733,0.409946311322285
"pair_1235","spacer_130","spacer_166",7673608,7674238,630,0.409924012190637
"pair_1308","spacer_136","spacer_146",7673716,7673779,63,0.409873293554129
"pair_3822","spacer_226","spacer_236",7676008,7676059,51,0.409825778805669
"pair_1331","spacer_136","spacer_169",7673716,7674266,550,0.409780441083566
"pair_1079","spacer_124","spacer_153",7673576,7673828,252,0.409767304500021
"pair_212","spacer_70","spacer_78",7669692,7669755,63,0.409745414706882
"pair_1826","spacer_158","spacer_166",7674205,7674238,33,0.409744357511093
"pair_3890","spacer_227","spacer_301",7676023,7676591,568,0.409734639574062
"pair_2298","spacer_167","spacer_204",7674236,7675149,913,0.409627129125337
"pair_2502","spacer_172","spacer_190",7674863,7675073,210,0.409598429732813
"pair_2895","spacer_185","spacer_208",7674958,7675154,196,0.409593533954523
"pair_1025","spacer_123","spacer_134",7673575,7673714,139,0.409575915234475
"pair_178","spacer_59","spacer_70",7669629,7669692,63,0.40957205350506
"pair_3405","spacer_203","spacer_213",7675143,7675179,36,0.40953409296417
"pair_336","spacer_74","spacer_100",7669735,7670647,912,0.409281985230727
"pair_3879","spacer_227","spacer_283",7676023,7676254,231,0.409258999675549
"pair_2562","spacer_173","spacer_213",7674859,7675179,320,0.409195406878713
"pair_1297","spacer_135","spacer_166",7673715,7674238,523,0.409128601517704
"pair_1083","spacer_124","spacer_157",7673576,7674200,624,0.409096555103205
"pair_2853","spacer_184","spacer_194",7674955,7675079,124,0.409031913562423
"pair_3311","spacer_199","spacer_217",7675136,7675194,58,0.408982223486306
"pair_2041","spacer_162","spacer_185",7674217,7674958,741,0.408975649485339
"pair_4261","spacer_259","spacer_275",7676141,7676193,52,0.408939457331756
"pair_1704","spacer_155","spacer_199",7674185,7675136,951,0.408916116127261
"pair_803","spacer_117","spacer_150",7673536,7673788,252,0.408905259254737
"pair_69","spacer_26","spacer_55",7667176,7667402,226,0.408782383720583
"pair_2350","spacer_168","spacer_213",7674262,7675179,917,0.408659142476449
"pair_195","spacer_60","spacer_71",7669630,7669705,75,0.408654433606519
"pair_3550","spacer_209","spacer_236",7675155,7676059,904,0.408632096191209
"pair_3435","spacer_204","spacer_217",7675149,7675194,45,0.408456055491923
"pair_2904","spacer_185","spacer_219",7674958,7675202,244,0.408444292843964
"pair_872","spacer_119","spacer_130",7673559,7673608,49,0.40841604455218
"pair_4314","spacer_261","spacer_282",7676143,7676253,110,0.408393610117664
"pair_1709","spacer_155","spacer_204",7674185,7675149,964,0.408389948132878
"pair_3093","spacer_192","spacer_199",7675077,7675136,59,0.408311565700335
"pair_4468","spacer_278","spacer_285",7676232,7676263,31,0.408258352860969
"pair_894","spacer_119","spacer_158",7673559,7674205,646,0.408236389872636
"pair_3952","spacer_229","spacer_287",7676039,7676265,226,0.408188555306118
"pair_4212","spacer_256","spacer_274",7676127,7676192,65,0.408140419553193
"pair_2178","spacer_165","spacer_180",7674237,7674926,689,0.408103581480117
"pair_4","spacer_3","spacer_9",7661962,7662006,44,0.408067328910769
"pair_4383","spacer_271","spacer_301",7676174,7676591,417,0.408033464822414
"pair_2753","spacer_180","spacer_216",7674926,7675188,262,0.407952680128488
"pair_219","spacer_70","spacer_85",7669692,7669779,87,0.407930489566716
"pair_3757","spacer_224","spacer_235",7675227,7676055,828,0.407875582355476
"pair_504","spacer_84","spacer_106",7669783,7670664,881,0.407855103829053
"pair_397","spacer_79","spacer_86",7669761,7669783,22,0.407822079426833
"pair_3906","spacer_228","spacer_273",7676024,7676198,174,0.407821556175997
"pair_3098","spacer_192","spacer_204",7675077,7675149,72,0.407785397705952
"pair_495","spacer_84","spacer_95",7669783,7670634,851,0.407785338368915
"pair_251","spacer_71","spacer_94",7669705,7670633,928,0.407711034109414
"pair_874","spacer_119","spacer_135",7673559,7673715,156,0.407620633879247
"pair_3075","spacer_191","spacer_214",7675076,7675183,107,0.40758563432675
"pair_3561","spacer_210","spacer_213",7675156,7675179,23,0.407571093116025
"pair_1995","spacer_161","spacer_188",7674221,7674971,750,0.407568021159463
"pair_4372","spacer_271","spacer_283",7676174,7676254,80,0.407557824923901
"pair_1230","spacer_130","spacer_161",7673608,7674221,613,0.407545722027815
"pair_3687","spacer_216","spacer_242",7675188,7676089,901,0.407492352483882
"pair_2083","spacer_163","spacer_180",7674224,7674926,702,0.407476688232663
"pair_3713","spacer_217","spacer_256",7675194,7676127,933,0.407456300828867
"pair_1510","spacer_146","spacer_169",7673779,7674266,487,0.407427833107034
"pair_3778","spacer_225","spacer_227",7675998,7676023,25,0.407370203001158
"pair_3286","spacer_198","spacer_214",7675125,7675183,58,0.407305993822199
"pair_566","spacer_92","spacer_105",7670631,7670669,38,0.407253388607294
"pair_11","spacer_4","spacer_11",7661973,7662013,40,0.407117142593545
"pair_3184","spacer_195","spacer_199",7675095,7675136,41,0.407099015759151
"pair_4284","spacer_260","spacer_274",7676142,7676192,50,0.407085318773894
"pair_2696","spacer_179","spacer_191",7674917,7675076,159,0.407038512111844
"pair_3776","spacer_224","spacer_279",7675227,7676226,999,0.406900979233539
"pair_3473","spacer_206","spacer_241",7675150,7676088,938,0.406858168485922
"pair_2260","spacer_166","spacer_216",7674238,7675188,950,0.406837794502369
"pair_2703","spacer_179","spacer_198",7674917,7675125,208,0.406758871607293
"pair_500","spacer_84","spacer_101",7669783,7670651,868,0.406750461154633
"pair_1292","spacer_135","spacer_161",7673715,7674221,506,0.406750311354882
"pair_2992","spacer_188","spacer_224",7674971,7675227,256,0.406688651193567
"pair_2951","spacer_187","spacer_206",7674960,7675150,190,0.406668260427838
"pair_971","spacer_121","spacer_159",7673559,7674209,650,0.40662162730344
"pair_3189","spacer_195","spacer_204",7675095,7675149,54,0.406572847764768
"pair_2413","spacer_170","spacer_184",7674269,7674955,686,0.406461575789649
"pair_1206","spacer_130","spacer_134",7673608,7673714,106,0.406441608227009
"pair_327","spacer_74","spacer_86",7669735,7669783,48,0.406440850034136
"pair_3716","spacer_217","spacer_260",7675194,7676142,948,0.406401200049567
"pair_1258","spacer_134","spacer_158",7673714,7674205,491,0.406261953547465
"pair_280","spacer_72","spacer_96",7669706,7670635,929,0.406242140745597
"pair_3612","spacer_213","spacer_226",7675179,7676008,829,0.40619863629426
"pair_3151","spacer_193","spacer_236",7675078,7676059,981,0.40617297570309
"pair_2297","spacer_167","spacer_203",7674236,7675143,907,0.406169975182024
"pair_18","spacer_5","spacer_11",7661967,7662013,46,0.406033376137541
"pair_236","spacer_70","spacer_108",7669692,7670681,989,0.406014019247228
"pair_4416","spacer_273","spacer_300",7676198,7676593,395,0.405960614466182
"pair_493","spacer_84","spacer_93",7669783,7670632,849,0.405911710752578
"pair_1529","spacer_147","spacer_167",7673788,7674236,448,0.405887291083447
"pair_2640","spacer_175","spacer_213",7674870,7675179,309,0.405885439510944
"pair_2269","spacer_167","spacer_173",7674236,7674859,623,0.405831289096567
"pair_3318","spacer_199","spacer_229",7675136,7676039,903,0.405755084529333
"pair_360","spacer_75","spacer_96",7669736,7670635,899,0.405752442598601
"pair_1844","spacer_158","spacer_186",7674205,7674959,754,0.40572349513681
"pair_390","spacer_78","spacer_106",7669755,7670664,909,0.405685988347761
"pair_3796","spacer_225","spacer_271",7675998,7676174,176,0.40566902824951
"pair_381","spacer_78","spacer_95",7669755,7670634,879,0.405616222887624
"pair_2648","spacer_176","spacer_180",7674871,7674926,55,0.405586020245418
"pair_3638","spacer_214","spacer_230",7675183,7676040,857,0.405534763975576
"pair_4142","spacer_242","spacer_284",7676089,7676258,169,0.405494001796559
"pair_901","spacer_119","spacer_165",7673559,7674237,678,0.405480728215541
"pair_3905","spacer_228","spacer_272",7676024,7676186,162,0.405441062940468
"pair_1813","spacer_157","spacer_206",7674200,7675150,950,0.405422626083502
"pair_2264","spacer_167","spacer_168",7674236,7674262,26,0.405295024694303
"pair_1903","spacer_159","spacer_194",7674209,7675079,870,0.405283997168619
"pair_1430","spacer_142","spacer_153",7673747,7673828,81,0.405249645824116
"pair_3892","spacer_228","spacer_236",7676024,7676059,35,0.405233696281475
"pair_3442","spacer_204","spacer_229",7675149,7676039,890,0.40522891653495
"pair_747","spacer_116","spacer_136",7673539,7673716,177,0.405228540307413
"pair_229","spacer_70","spacer_100",7669692,7670647,955,0.405078322527077
"pair_3535","spacer_209","spacer_213",7675155,7675179,24,0.4050049536798
"pair_4464","spacer_277","spacer_301",7676225,7676591,366,0.405000381516095
"pair_3409","spacer_203","spacer_217",7675143,7675194,51,0.404998901548609
"pair_1708","spacer_155","spacer_203",7674185,7675143,958,0.404932794189565
"pair_899","spacer_119","spacer_163",7673559,7674224,665,0.404853834968087
"pair_4259","spacer_259","spacer_273",7676141,7676198,57,0.404739195606412
"pair_2566","spacer_173","spacer_217",7674859,7675194,335,0.404660215463152
"pair_1517","spacer_147","spacer_155",7673788,7674185,397,0.404650110090988
"pair_1680","spacer_155","spacer_173",7674185,7674859,674,0.404594108104108
"pair_386","spacer_78","spacer_101",7669755,7670651,896,0.404581345673342
"pair_1434","spacer_142","spacer_157",7673747,7674200,453,0.4045788964273
"pair_4453","spacer_277","spacer_283",7676225,7676254,29,0.404524741617582
"pair_2224","spacer_166","spacer_176",7674238,7674871,633,0.404471134619299
"pair_2021","spacer_161","spacer_216",7674221,7675188,967,0.404459504339547
"pair_4052","spacer_235","spacer_287",7676055,7676265,210,0.404449820992429
"pair_3097","spacer_192","spacer_203",7675077,7675143,66,0.404328243762638
"pair_2746","spacer_180","spacer_208",7674926,7675154,228,0.404250215173581
"pair_3931","spacer_229","spacer_256",7676039,7676127,88,0.404229161871894
"pair_2303","spacer_167","spacer_210",7674236,7675156,920,0.404206975333879
"pair_1316","spacer_136","spacer_154",7673716,7673829,113,0.404202578657595
"pair_196","spacer_60","spacer_72",7669630,7669706,76,0.404128197129338
"pair_2354","spacer_168","spacer_217",7674262,7675194,932,0.404123951060888
"pair_1675","spacer_155","spacer_168",7674185,7674262,77,0.404057843701844
"pair_2543","spacer_173","spacer_192",7674859,7675077,218,0.403989557677181
"pair_1479","spacer_145","spacer_159",7673772,7674209,437,0.403937414721008
"pair_997","spacer_122","spacer_147",7673571,7673788,217,0.40389332433433
"pair_522","spacer_85","spacer_106",7669779,7670664,885,0.403871063207596
"pair_513","spacer_85","spacer_95",7669779,7670634,855,0.403801297747458
"pair_3526","spacer_208","spacer_242",7675154,7676089,935,0.403789887528975
"pair_379","spacer_78","spacer_93",7669755,7670632,877,0.403742595271286
"pair_2215","spacer_165","spacer_224",7674237,7675227,990,0.40373103572528
"pair_4239","spacer_258","spacer_278",7676135,7676232,97,0.403722334933272
"pair_3858","spacer_227","spacer_241",7676023,7676088,65,0.403690216721803
"pair_820","spacer_117","spacer_167",7673536,7674236,700,0.403681250889087
"pair_199","spacer_60","spacer_75",7669630,7669736,106,0.403638498982341
"pair_2036","spacer_162","spacer_180",7674217,7674926,709,0.403632330704397
"pair_3676","spacer_216","spacer_224",7675188,7675227,39,0.403580134373651
"pair_4399","spacer_272","spacer_300",7676186,7676593,407,0.403580121230654
"pair_1265","spacer_134","spacer_165",7673714,7674237,523,0.40350629189037
"pair_4483","spacer_279","spacer_287",7676226,7676265,39,0.403475217870492
"pair_2331","spacer_168","spacer_192",7674262,7675077,815,0.403453293274917
"pair_2764","spacer_181","spacer_194",7674940,7675079,139,0.403436810169387
"pair_4091","spacer_236","spacer_300",7676059,7676593,534,0.403372754571661
"pair_1018","spacer_122","spacer_168",7673571,7674262,691,0.403301057945186
"pair_3596","spacer_212","spacer_236",7675178,7676059,881,0.403264546899437
"pair_4465","spacer_278","spacer_282",7676232,7676253,21,0.403198296820235
"pair_278","spacer_72","spacer_94",7669706,7670633,927,0.403184797632233
"pair_3934","spacer_229","spacer_260",7676039,7676142,103,0.403174061092595
"pair_2253","spacer_166","spacer_208",7674238,7675154,916,0.403135329547462
"pair_3188","spacer_195","spacer_203",7675095,7675143,48,0.403115693821454
"pair_2755","spacer_180","spacer_219",7674926,7675202,276,0.403100974063022
"pair_3565","spacer_210","spacer_217",7675156,7675194,38,0.403035901700465
"pair_1714","spacer_155","spacer_210",7674185,7675156,971,0.40296979434142
"pair_2184","spacer_165","spacer_186",7674237,7674959,722,0.402967833479715
"pair_3650","spacer_214","spacer_261",7675183,7676143,960,0.402910815610199
"pair_1263","spacer_134","spacer_163",7673714,7674224,510,0.402879398642916
"pair_754","spacer_116","spacer_146",7673539,7673779,240,0.40287593233088
"pair_3260","spacer_197","spacer_214",7675106,7675183,77,0.402824640495539
"pair_2931","spacer_186","spacer_216",7674959,7675188,229,0.402816932128086
"pair_777","spacer_116","spacer_169",7673539,7674266,727,0.402783079860317
"pair_2546","spacer_173","spacer_195",7674859,7675095,236,0.402777007735997
"pair_518","spacer_85","spacer_101",7669779,7670651,872,0.402766420533176
"pair_1881","spacer_159","spacer_170",7674209,7674269,60,0.402713659395845
"pair_358","spacer_75","spacer_94",7669736,7670633,897,0.402695099485236
"pair_3735","spacer_219","spacer_242",7675202,7676089,887,0.402640646418416
"pair_3801","spacer_225","spacer_277",7675998,7676225,227,0.402635944943191
"pair_3136","spacer_193","spacer_213",7675078,7675179,101,0.402545833191681
"pair_2271","spacer_167","spacer_175",7674236,7674870,634,0.402521321728798
"pair_2025","spacer_162","spacer_166",7674217,7674238,21,0.402517445078278
"pair_808","spacer_117","spacer_155",7673536,7674185,649,0.402444069896629
"pair_642","spacer_106","spacer_109",7670664,7670712,48,0.402435882552324
"pair_1165","spacer_128","spacer_166",7673597,7674238,641,0.402409995406279
"pair_594","spacer_95","spacer_109",7670634,7670712,78,0.402366117092186
"pair_3103","spacer_192","spacer_210",7675077,7675156,79,0.402365243914494
"pair_4258","spacer_259","spacer_272",7676141,7676186,45,0.402358702370884
"pair_3837","spacer_226","spacer_274",7676008,7676192,184,0.402347563603026
"pair_2089","spacer_163","spacer_186",7674224,7674959,735,0.402340940232261
"pair_2702","spacer_179","spacer_197",7674917,7675106,189,0.402277518280633
"pair_2334","spacer_168","spacer_195",7674262,7675095,833,0.402240743333733
"pair_220","spacer_70","spacer_86",7669692,7669783,91,0.402237187330487
"pair_4066","spacer_236","spacer_259",7676059,7676141,82,0.402151335711891
"pair_1985","spacer_161","spacer_176",7674221,7674871,650,0.402092844456477
"pair_245","spacer_71","spacer_84",7669705,7669783,78,0.40208015733107
"pair_3321","spacer_199","spacer_235",7675136,7676055,919,0.402016350215643
"pair_58","spacer_26","spacer_40",7667176,7667305,129,0.402014363031738
"pair_4101","spacer_241","spacer_271",7676088,7676174,86,0.401989041970155
"pair_2262","spacer_166","spacer_219",7674238,7675202,964,0.401986088436903
"pair_511","spacer_85","spacer_93",7669779,7670632,853,0.401927670131121
"pair_593","spacer_95","spacer_108",7670634,7670681,47,0.401884827427971
"pair_1495","spacer_146","spacer_154",7673779,7673829,50,0.401849970681062
"pair_3416","spacer_203","spacer_229",7675143,7676039,896,0.401771762591636
"pair_1662","spacer_154","spacer_169",7673829,7674266,437,0.401757118210499
"pair_783","spacer_117","spacer_122",7673536,7673571,35,0.401687284139971
"pair_3701","spacer_217","spacer_226",7675194,7676008,814,0.401663444878699
"pair_2302","spacer_167","spacer_209",7674236,7675155,919,0.401640835897654
"pair_3614","spacer_213","spacer_228",7675179,7676024,845,0.401606553770066
"pair_674","spacer_112","spacer_147",7673232,7673788,556,0.401523408908681
"pair_4130","spacer_242","spacer_270",7676089,7676173,84,0.401502050200602
"pair_3445","spacer_204","spacer_235",7675149,7676055,906,0.40149018222126
"pair_2644","spacer_175","spacer_217",7674870,7675194,324,0.401350248095383
"pair_626","spacer_101","spacer_109",7670651,7670712,61,0.401331239877904
"pair_404","spacer_79","spacer_98",7669761,7670642,881,0.40128572547757
"pair_1682","spacer_155","spacer_175",7674185,7674870,685,0.401284140736339
"pair_2893","spacer_185","spacer_206",7674958,7675150,192,0.401258928532489
"pair_1312","spacer_136","spacer_150",7673716,7673788,72,0.401235297683424
"pair_2685","spacer_176","spacer_224",7674871,7675227,356,0.401213474490581
"pair_3194","spacer_195","spacer_210",7675095,7675156,61,0.40115269397331
"pair_898","spacer_119","spacer_162",7673559,7674217,658,0.401009477439821
"pair_3113","spacer_192","spacer_226",7675077,7676008,931,0.400992787092728
"pair_870","spacer_119","spacer_128",7673559,7673597,38,0.400902027767821
"pair_2410","spacer_170","spacer_181",7674269,7674940,671,0.400866472396614
"pair_625","spacer_101","spacer_108",7670651,7670681,30,0.400849950213688
"pair_2974","spacer_188","spacer_199",7674971,7675136,165,0.400829419053735
"pair_1792","spacer_157","spacer_184",7674200,7674955,755,0.400784609801259
"pair_2014","spacer_161","spacer_208",7674221,7675154,933,0.40075703938464
"pair_2621","spacer_175","spacer_192",7674870,7675077,207,0.400679590309412
"pair_1857","spacer_158","spacer_199",7674205,7675136,931,0.400627465242543
"pair_4075","spacer_236","spacer_275",7676059,7676193,134,0.400567319311863
"pair_550","spacer_87","spacer_96",7669784,7670635,851,0.400541953906951
"pair_578","spacer_93","spacer_109",7670632,7670712,80,0.400492489475849
"pair_4031","spacer_235","spacer_256",7676055,7676127,72,0.400490427558204
"pair_3539","spacer_209","spacer_217",7675155,7675194,39,0.400469762264239
"pair_2654","spacer_176","spacer_186",7674871,7674959,88,0.400450272245016
"pair_1713","spacer_155","spacer_209",7674185,7675155,970,0.400403654905195
"pair_2979","spacer_188","spacer_204",7674971,7675149,178,0.400303251059352
"pair_1551","spacer_148","spacer_168",7673789,7674262,473,0.400202268419089
"pair_1862","spacer_158","spacer_204",7674205,7675149,944,0.40010129724816
"pair_1160","spacer_128","spacer_161",7673597,7674221,624,0.400031705243456
"pair_577","spacer_93","spacer_108",7670632,7670681,49,0.400011199811633
"pair_239","spacer_71","spacer_78",7669705,7669755,50,0.399911041849779
"pair_334","spacer_74","spacer_98",7669735,7670642,907,0.399904496084873
"pair_3515","spacer_208","spacer_224",7675154,7675227,73,0.399877669418744
"pair_3572","spacer_210","spacer_229",7675156,7676039,883,0.399808762743492
"pair_3102","spacer_192","spacer_209",7675077,7675155,78,0.399799104478268
"pair_3204","spacer_195","spacer_226",7675095,7676008,913,0.399780237151544
"pair_179","spacer_59","spacer_71",7669629,7669705,76,0.399737680647957
"pair_1035","spacer_123","spacer_147",7673575,7673788,213,0.399675420893279
"pair_2162","spacer_164","spacer_214",7674234,7675183,949,0.399624265031541
"pair_2023","spacer_161","spacer_219",7674221,7675202,981,0.399607798274081
"pair_4216","spacer_256","spacer_279",7676127,7676226,99,0.399515824436268
"pair_2624","spacer_175","spacer_195",7674870,7675095,225,0.399467040368228
"pair_4034","spacer_235","spacer_260",7676055,7676142,87,0.399435326778905
"pair_4527","spacer_285","spacer_301",7676263,7676591,328,0.399326270039718
"pair_652","spacer_112","spacer_117",7673232,7673536,304,0.399317368714322
"pair_2287","spacer_167","spacer_193",7674236,7675078,842,0.399181715409534
"pair_2924","spacer_186","spacer_208",7674959,7675154,195,0.399114467173179
"pair_1056","spacer_123","spacer_168",7673575,7674262,687,0.399083154504135
"pair_2129","spacer_164","spacer_179",7674234,7674917,683,0.399077142816635
"pair_1262","spacer_134","spacer_162",7673714,7674217,503,0.39903504111465
"pair_501","spacer_84","spacer_103",7669783,7670646,863,0.399026837820258
"pair_4106","spacer_241","spacer_277",7676088,7676225,137,0.398955958663836
"pair_1136","spacer_128","spacer_134",7673597,7673714,117,0.398927591442651
"pair_1594","spacer_150","spacer_169",7673788,7674266,478,0.398789837236328
"pair_3724","spacer_219","spacer_224",7675202,7675227,25,0.398728428308185
"pair_2419","spacer_170","spacer_190",7674269,7675073,804,0.398671958528006
"pair_801","spacer_117","spacer_148",7673536,7673789,253,0.398588494613874
"pair_3193","spacer_195","spacer_209",7675095,7675155,60,0.398586554537084
"pair_3626","spacer_213","spacer_259",7675179,7676141,962,0.398524193200481
"pair_2042","spacer_162","spacer_186",7674217,7674959,742,0.398496582703995
"pair_1092","spacer_124","spacer_166",7673576,7674238,662,0.398474653145131
"pair_4288","spacer_260","spacer_279",7676142,7676226,84,0.398460723656968
"pair_3818","spacer_226","spacer_229",7676008,7676039,31,0.398436305921727
"pair_209","spacer_60","spacer_87",7669630,7669784,154,0.398428010290692
"pair_1896","spacer_159","spacer_187",7674209,7674960,751,0.398282327751792
"pair_540","spacer_86","spacer_106",7669783,7670664,881,0.398177760971366
"pair_3050","spacer_190","spacer_225",7675073,7675998,925,0.398110521221391
"pair_531","spacer_86","spacer_95",7669783,7670634,851,0.398107995511229
"pair_246","spacer_71","spacer_85",7669705,7669779,74,0.398096116709613
"pair_3419","spacer_203","spacer_235",7675143,7676055,912,0.398033028277947
"pair_3140","spacer_193","spacer_217",7675078,7675194,116,0.39801064177612
"pair_2933","spacer_186","spacer_219",7674959,7675202,243,0.39796522606262
"pair_1698","spacer_155","spacer_193",7674185,7675078,893,0.397944534417076
"pair_456","spacer_82","spacer_92",7669771,7670631,860,0.397929421554235
"pair_2524","spacer_172","spacer_214",7674863,7675183,320,0.397906891430037
"pair_2197","spacer_165","spacer_199",7674237,7675136,899,0.397871803585448
"pair_3907","spacer_228","spacer_274",7676024,7676192,168,0.397755481078832
"pair_321","spacer_74","spacer_80",7669735,7669762,27,0.39772603377531
"pair_3310","spacer_199","spacer_216",7675136,7675188,52,0.397720902233819
"pair_1635","spacer_153","spacer_159",7673828,7674209,381,0.397707442804271
"pair_565","spacer_92","spacer_104",7670631,7670660,29,0.397682467081181
"pair_3769","spacer_224","spacer_270",7675227,7676173,946,0.397589832090372
"pair_272","spacer_72","spacer_84",7669706,7669783,77,0.397553920853889
"pair_548","spacer_87","spacer_94",7669784,7670633,849,0.397484610793587
"pair_784","spacer_117","spacer_123",7673536,7673575,39,0.39746938069892
"pair_2491","spacer_172","spacer_179",7674863,7674917,54,0.397359769215131
"pair_2202","spacer_165","spacer_204",7674237,7675149,912,0.397345635591065
"pair_2102","spacer_163","spacer_199",7674224,7675136,912,0.397244910337993
"pair_3546","spacer_209","spacer_229",7675155,7676039,884,0.397242623307267
"pair_762","spacer_116","spacer_154",7673539,7673829,290,0.397205217434346
"pair_3434","spacer_204","spacer_216",7675149,7675188,39,0.397194734239436
"pair_536","spacer_86","spacer_101",7669783,7670651,868,0.397073118296946
"pair_3703","spacer_217","spacer_228",7675194,7676024,830,0.397071362354505
"pair_352","spacer_75","spacer_84",7669736,7669783,47,0.397064222706892
"pair_3808","spacer_225","spacer_285",7675998,7676263,265,0.396961833466814
"pair_2395","spacer_169","spacer_213",7674266,7675179,913,0.396929946652825
"pair_387","spacer_78","spacer_103",7669755,7670646,891,0.396857722338967
"pair_2978","spacer_188","spacer_203",7674971,7675143,172,0.396846097116038
"pair_2107","spacer_163","spacer_204",7674224,7675149,925,0.39671874234361
"pair_1861","spacer_158","spacer_203",7674205,7675143,938,0.396644143304846
"pair_1216","spacer_130","spacer_147",7673608,7673788,180,0.396541113885813
"pair_2539","spacer_173","spacer_188",7674859,7674971,112,0.396507411030582
"pair_2757","spacer_181","spacer_187",7674940,7674960,20,0.39643514075256
"pair_3115","spacer_192","spacer_228",7675077,7676024,947,0.396400704568534
"pair_4073","spacer_236","spacer_273",7676059,7676198,139,0.39636705758652
"pair_1520","spacer_147","spacer_158",7673788,7674205,417,0.396361459206269
"pair_1833","spacer_158","spacer_173",7674205,7674859,654,0.396305457219389
"pair_2304","spacer_167","spacer_212",7674236,7675178,942,0.396273286605881
"pair_529","spacer_86","spacer_93",7669783,7670632,849,0.396234367894891
"pair_3690","spacer_216","spacer_256",7675188,7676127,939,0.39619497957638
"pair_263","spacer_71","spacer_108",7669705,7670681,976,0.396179646390125
"pair_1087","spacer_124","spacer_161",7673576,7674221,645,0.396096362982309
"pair_3575","spacer_210","spacer_235",7675156,7676055,899,0.396070028429802
"pair_1329","spacer_136","spacer_167",7673716,7674236,520,0.396011289317774
"pair_2327","spacer_168","spacer_188",7674262,7674971,709,0.395971146628317
"pair_1237","spacer_130","spacer_168",7673608,7674262,654,0.395948847496669
"pair_3","spacer_3","spacer_8",7661962,7661991,29,0.395940996308387
"pair_2744","spacer_180","spacer_206",7674926,7675150,224,0.395915609751547
"pair_4433","spacer_274","spacer_300",7676192,7676593,401,0.395894539369017
"pair_1828","spacer_158","spacer_168",7674205,7674262,57,0.395769192817125
"pair_1278","spacer_135","spacer_147",7673715,7673788,73,0.39574570321288
"pair_227","spacer_70","spacer_98",7669692,7670642,950,0.395700833381224
"pair_3474","spacer_206","spacer_242",7675150,7676089,939,0.395455282106941
"pair_266","spacer_72","spacer_78",7669706,7669755,49,0.395384805372598
"pair_2667","spacer_176","spacer_199",7674871,7675136,265,0.395354242350749
"pair_256","spacer_71","spacer_100",7669705,7670647,942,0.395243949669974
"pair_180","spacer_59","spacer_72",7669629,7669706,77,0.395211444170776
"pair_1789","spacer_157","spacer_181",7674200,7674940,740,0.395189506408223
"pair_3206","spacer_195","spacer_228",7675095,7676024,929,0.39518815462735
"pair_1299","spacer_135","spacer_168",7673715,7674262,547,0.395153436823736
"pair_3693","spacer_216","spacer_260",7675188,7676142,954,0.39513987879708
"pair_143","spacer_44","spacer_54",7667347,7667401,54,0.395100001568694
"pair_519","spacer_85","spacer_103",7669779,7670646,867,0.395042797198801
"pair_1715","spacer_155","spacer_212",7674185,7675178,993,0.395036105613422
"pair_1063","spacer_124","spacer_134",7673576,7673714,138,0.394992249181504
"pair_2984","spacer_188","spacer_210",7674971,7675156,185,0.394883097267894
"pair_88","spacer_38","spacer_45",7667297,7667344,47,0.394869196782617
"pair_2672","spacer_176","spacer_204",7674871,7675149,278,0.394828074356366
"pair_2251","spacer_166","spacer_206",7674238,7675150,912,0.394800724125428
"pair_4254","spacer_258","spacer_301",7676135,7676591,456,0.394790252112021
"pair_3147","spacer_193","spacer_229",7675078,7676039,961,0.394783502819147
"pair_1317","spacer_136","spacer_155",7673716,7674185,469,0.394774108325316
"pair_183","spacer_59","spacer_75",7669629,7669736,107,0.394721746023779
"pair_3821","spacer_226","spacer_235",7676008,7676055,47,0.394697571608037
"pair_1867","spacer_158","spacer_210",7674205,7675156,951,0.394681143456702
"pair_4260","spacer_259","spacer_274",7676141,7676192,51,0.394673120509247
"pair_3104","spacer_192","spacer_212",7675077,7675178,101,0.394431555186496
"pair_789","spacer_117","spacer_130",7673536,7673608,72,0.394335073691454
"pair_4243","spacer_258","spacer_283",7676135,7676254,119,0.394314612213508
"pair_174","spacer_58","spacer_84",7669618,7669783,165,0.394294013048305
"pair_4509","spacer_282","spacer_301",7676253,7676591,338,0.394266213998984
"pair_2936","spacer_187","spacer_190",7674960,7675073,113,0.394240626883952
"pair_758","spacer_116","spacer_150",7673539,7673788,249,0.394237936460175
"pair_4220","spacer_256","spacer_284",7676127,7676258,131,0.394196628889057
"pair_4358","spacer_270","spacer_287",7676173,7676265,92,0.394164070727325
"pair_811","spacer_117","spacer_158",7673536,7674205,669,0.39415541901191
"pair_2","spacer_3","spacer_7",7661962,7661995,33,0.394055777177631
"pair_989","spacer_122","spacer_136",7673571,7673716,145,0.394017322568658
"pair_3715","spacer_217","spacer_259",7675194,7676141,947,0.39398900178492
"pair_4072","spacer_236","spacer_272",7676059,7676186,127,0.393986564350991
"pair_1443","spacer_142","spacer_166",7673747,7674238,491,0.393956994469226
"pair_2201","spacer_165","spacer_203",7674237,7675143,906,0.393888481647751
"pair_3408","spacer_203","spacer_216",7675143,7675188,45,0.393737580296122
"pair_3841","spacer_226","spacer_279",7676008,7676226,218,0.3937229684861
"pair_1508","spacer_146","spacer_167",7673779,7674236,457,0.393658681341241
"pair_632","spacer_103","spacer_109",7670646,7670712,66,0.393607616543529
"pair_1527","spacer_147","spacer_165",7673788,7674237,449,0.393605797549174
"pair_273","spacer_72","spacer_85",7669706,7669779,73,0.393569880232432
"pair_2265","spacer_167","spacer_169",7674236,7674266,30,0.393565828870679
"pair_2173","spacer_165","spacer_173",7674237,7674859,622,0.393549795562294
"pair_791","spacer_117","spacer_135",7673536,7673715,179,0.393539663018521
"pair_214","spacer_70","spacer_80",7669692,7669762,70,0.39352237107166
"pair_3549","spacer_209","spacer_235",7675155,7676055,900,0.393503888993577
"pair_2055","spacer_162","spacer_199",7674217,7675136,919,0.393400552809728
"pair_2565","spacer_173","spacer_216",7674859,7675188,329,0.393398894210665
"pair_9","spacer_4","spacer_9",7661973,7662006,33,0.393374016896345
"pair_4113","spacer_241","spacer_285",7676088,7676263,175,0.393281847187459
"pair_2106","spacer_163","spacer_203",7674224,7675143,919,0.393261588400297
"pair_3195","spacer_195","spacer_212",7675095,7675178,83,0.393219005245312
"pair_1579","spacer_150","spacer_154",7673788,7673829,41,0.393211974810357
"pair_2617","spacer_175","spacer_188",7674870,7674971,101,0.393197443662812
"pair_4292","spacer_260","spacer_284",7676142,7676258,116,0.393141528109758
"pair_631","spacer_103","spacer_108",7670646,7670681,35,0.393126326879314
"pair_353","spacer_75","spacer_85",7669736,7669779,43,0.393080182085435
"pair_2168","spacer_165","spacer_168",7674237,7674262,25,0.39301353116003
"pair_1835","spacer_158","spacer_175",7674205,7674870,665,0.39299548985162
"pair_1798","spacer_157","spacer_190",7674200,7675073,873,0.392994992539615
"pair_1525","spacer_147","spacer_163",7673788,7674224,436,0.39297890430172
"pair_2078","spacer_163","spacer_173",7674224,7674859,635,0.39292290231484
"pair_2060","spacer_162","spacer_204",7674217,7675149,932,0.392874384815345
"pair_1894","spacer_159","spacer_185",7674209,7674958,749,0.392872995856442
"pair_3312","spacer_199","spacer_219",7675136,7675202,66,0.392869196168353
"pair_2353","spacer_168","spacer_216",7674262,7675188,926,0.392862629808401
"pair_3529","spacer_208","spacer_256",7675154,7676127,973,0.392492514621473
"pair_879","spacer_119","spacer_142",7673559,7673747,188,0.392449026830769
"pair_3790","spacer_225","spacer_258",7675998,7676135,137,0.392425815539116
"pair_2012","spacer_161","spacer_206",7674221,7675150,929,0.392422433962606
"pair_1496","spacer_146","spacer_155",7673779,7674185,406,0.392421500348783
"pair_3723","spacer_217","spacer_275",7675194,7676193,999,0.392404985384893
"pair_247","spacer_71","spacer_86",7669705,7669783,78,0.392402814473383
"pair_2399","spacer_169","spacer_217",7674266,7675194,928,0.392394755237264
"pair_2073","spacer_163","spacer_168",7674224,7674262,38,0.392386637912576
"pair_410","spacer_79","spacer_105",7669761,7670669,908,0.39237419027487
"pair_3436","spacer_204","spacer_219",7675149,7675202,53,0.39234302817397
"pair_1676","spacer_155","spacer_169",7674185,7674266,81,0.39232864787822
"pair_2983","spacer_188","spacer_209",7674971,7675155,184,0.392316957831668
"pair_16","spacer_5","spacer_9",7661967,7662006,39,0.392290250440341
"pair_3859","spacer_227","spacer_242",7676023,7676089,66,0.392287330342821
"pair_168","spacer_58","spacer_78",7669618,7669755,137,0.392124897567014
"pair_1866","spacer_158","spacer_209",7674205,7675155,950,0.392115004020476
"pair_3958","spacer_229","spacer_300",7676039,7676593,554,0.391983281687718
"pair_2207","spacer_165","spacer_210",7674237,7675156,919,0.391925481799607
"pair_3805","spacer_225","spacer_282",7675998,7676253,255,0.39190177742608
"pair_3592","spacer_212","spacer_229",7675178,7676039,861,0.391875074015494
"pair_3564","spacer_210","spacer_216",7675156,7675188,32,0.391774580447978
"pair_2376","spacer_169","spacer_192",7674266,7675077,811,0.391724097451293
"pair_996","spacer_122","spacer_146",7673571,7673779,208,0.391664714592125
"pair_290","spacer_72","spacer_108",7669706,7670681,975,0.391653409912944
"pair_666","spacer_112","spacer_136",7673232,7673716,484,0.391647407143009
"pair_371","spacer_75","spacer_109",7669736,7670712,976,0.391645001430163
"pair_606","spacer_98","spacer_106",7670642,7670664,22,0.391641407022103
"pair_1438","spacer_142","spacer_161",7673747,7674221,474,0.391578704306404
"pair_1019","spacer_122","spacer_169",7673571,7674266,695,0.391571862121562
"pair_3463","spacer_206","spacer_224",7675150,7675227,77,0.39154306399671
"pair_3532","spacer_208","spacer_260",7675154,7676142,988,0.391437413842173
"pair_818","spacer_117","spacer_165",7673536,7674237,701,0.391399757354815
"pair_2671","spacer_176","spacer_203",7674871,7675143,272,0.391370920413052
"pair_3738","spacer_219","spacer_256",7675202,7676127,925,0.391343273510914
"pair_2112","spacer_163","spacer_210",7674224,7675156,932,0.391298588552152
"pair_2723","spacer_180","spacer_184",7674926,7674955,29,0.391277593469304
"pair_370","spacer_75","spacer_108",7669736,7670681,945,0.391163711765947
"pair_3150","spacer_193","spacer_235",7675078,7676055,977,0.391044768505458
"pair_340","spacer_74","spacer_105",7669735,7670669,934,0.390992960882173
"pair_1310","spacer_136","spacer_148",7673716,7673789,73,0.390918533042561
"pair_2922","spacer_186","spacer_206",7674959,7675150,191,0.390779861751145
"pair_816","spacer_117","spacer_163",7673536,7674224,688,0.390772864107361
"pair_3933","spacer_229","spacer_259",7676039,7676141,102,0.390761862827948
"pair_283","spacer_72","spacer_100",7669706,7670647,941,0.390717713192793
"pair_4131","spacer_242","spacer_271",7676089,7676174,85,0.390586155591173
"pair_2379","spacer_169","spacer_195",7674266,7675095,829,0.390511547510109
"pair_2317","spacer_168","spacer_176",7674262,7674871,609,0.390495969925331
"pair_1243","spacer_134","spacer_142",7673714,7673747,33,0.390474590505599
"pair_3678","spacer_216","spacer_226",7675188,7676008,820,0.390402123626212
"pair_63","spacer_26","spacer_45",7667176,7667344,168,0.390322100364602
"pair_175","spacer_58","spacer_85",7669618,7669779,161,0.390309972426848
"pair_3741","spacer_219","spacer_260",7675202,7676142,940,0.390288172731615
"pair_2175","spacer_165","spacer_175",7674237,7674870,633,0.390239828194525
"pair_363","spacer_75","spacer_100",7669736,7670647,911,0.390228015045796
"pair_4208","spacer_256","spacer_270",7676127,7676173,46,0.3902046772931
"pair_2230","spacer_166","spacer_184",7674238,7674955,717,0.390162707843185
"pair_3619","spacer_213","spacer_236",7675179,7676059,880,0.390152055180589
"pair_25","spacer_13","spacer_24",7666187,7666230,43,0.390144434779013
"pair_3891","spacer_228","spacer_235",7676024,7676055,31,0.390105489083843
"pair_2643","spacer_175","spacer_216",7674870,7675188,318,0.390088926842896
"pair_2968","spacer_188","spacer_193",7674971,7675078,107,0.389857837343549
"pair_405","spacer_79","spacer_99",7669761,7670646,885,0.389850238980768
"pair_1027","spacer_123","spacer_136",7673575,7673716,141,0.389799419127607
"pair_89","spacer_38","spacer_46",7667297,7667345,48,0.389697369742935
"pair_2558","spacer_173","spacer_208",7674859,7675154,295,0.389696429255758
"pair_377","spacer_78","spacer_87",7669755,7669784,29,0.389684618533952
"pair_1851","spacer_158","spacer_193",7674205,7675078,873,0.389655883532357
"pair_2080","spacer_163","spacer_175",7674224,7674870,646,0.389612934947071
"pair_3168","spacer_194","spacer_214",7675079,7675183,104,0.389550757998004
"pair_193","spacer_59","spacer_87",7669629,7669784,155,0.38951125733213
"pair_432","spacer_80","spacer_106",7669762,7670664,902,0.38946294471254
"pair_2059","spacer_162","spacer_203",7674217,7675143,926,0.389417230872031
"pair_2677","spacer_176","spacer_210",7674871,7675156,285,0.389407920564908
"pair_423","spacer_80","spacer_95",7669762,7670634,872,0.389393179252403
"pair_2206","spacer_165","spacer_209",7674237,7675155,918,0.389359342363381
"pair_537","spacer_86","spacer_103",7669783,7670646,863,0.389349494962572
"pair_673","spacer_112","spacer_146",7673232,7673779,547,0.389294799166476
"pair_3538","spacer_209","spacer_216",7675155,7675188,33,0.389208441011752
"pair_3942","spacer_229","spacer_275",7676039,7676193,154,0.38917784642792
"pair_2346","spacer_168","spacer_208",7674262,7675154,892,0.389160164853494
"pair_4280","spacer_260","spacer_270",7676142,7676173,31,0.389149576513801
"pair_1524","spacer_147","spacer_162",7673788,7674217,429,0.389134546773454
"pair_3911","spacer_228","spacer_279",7676024,7676226,202,0.389130885961906
"pair_2031","spacer_162","spacer_173",7674217,7674859,642,0.389078544786574
"pair_1146","spacer_128","spacer_147",7673597,7673788,191,0.389027097101455
"pair_775","spacer_116","spacer_167",7673539,7674236,697,0.389013928094525
"pair_2699","spacer_179","spacer_194",7674917,7675079,162,0.389003635783098
"pair_3410","spacer_203","spacer_219",7675143,7675202,59,0.388885874230656
"pair_2878","spacer_185","spacer_190",7674958,7675073,115,0.388831294988602
"pair_115","spacer_41","spacer_44",7667310,7667347,37,0.388749116375349
"pair_4095","spacer_241","spacer_258",7676088,7676135,47,0.388745829259762
"pair_2111","spacer_163","spacer_209",7674224,7675155,931,0.388732449115927
"pair_2567","spacer_173","spacer_219",7674859,7675202,343,0.3885471881452
"pair_2026","spacer_162","spacer_168",7674217,7674262,45,0.38854228038431
"pair_1552","spacer_148","spacer_169",7673789,7674266,477,0.388473072595465
"pair_335","spacer_74","spacer_99",7669735,7670646,911,0.388469009588071
"pair_1167","spacer_128","spacer_168",7673597,7674262,665,0.388434830712311
"pair_3845","spacer_226","spacer_284",7676008,7676258,250,0.38840377293889
"pair_3752","spacer_224","spacer_227",7675227,7676023,796,0.38837511223259
"pair_428","spacer_80","spacer_101",7669762,7670651,889,0.38835830203812
"pair_133","spacer_43","spacer_44",7667324,7667347,23,0.388266683540378
"pair_4058","spacer_235","spacer_300",7676055,7676593,538,0.388244547374028
"pair_77","spacer_28","spacer_44",7667212,7667347,135,0.388243899166882
"pair_4110","spacer_241","spacer_282",7676088,7676253,165,0.388221791146725
"pair_3595","spacer_212","spacer_235",7675178,7676055,877,0.388136339701804
"pair_2355","spacer_168","spacer_219",7674262,7675202,940,0.388010923742935
"pair_31","spacer_15","spacer_20",7666196,7666224,28,0.387992950149338
"pair_1660","spacer_154","spacer_167",7673829,7674236,407,0.387987966444707
"pair_274","spacer_72","spacer_86",7669706,7669783,77,0.387876577996202
"pair_1991","spacer_161","spacer_184",7674221,7674955,734,0.387784417680363
"pair_763","spacer_116","spacer_155",7673539,7674185,646,0.387776747102067
"pair_4136","spacer_242","spacer_277",7676089,7676225,136,0.387553072284854
"pair_1889","spacer_159","spacer_180",7674209,7674926,717,0.3875296770755
"pair_421","spacer_80","spacer_93",7669762,7670632,870,0.387519551636065
"pair_2065","spacer_162","spacer_210",7674217,7675156,939,0.387454231023887
"pair_1034","spacer_123","spacer_146",7673575,7673779,204,0.387446811151074
"pair_354","spacer_75","spacer_86",7669736,7669783,47,0.387386879849206
"pair_1057","spacer_123","spacer_169",7673575,7674266,691,0.387353958680511
"pair_4489","spacer_279","spacer_300",7676226,7676593,367,0.387269944252091
"pair_159","spacer_48","spacer_54",7667350,7667401,51,0.387117952685279
"pair_4033","spacer_235","spacer_259",7676055,7676141,86,0.387023128514258
"pair_738","spacer_116","spacer_122",7673539,7673571,32,0.387019961345409
"pair_2441","spacer_170","spacer_214",7674269,7675183,914,0.38698042022523
"pair_2985","spacer_188","spacer_212",7674971,7675178,207,0.386949408539896
"pair_815","spacer_117","spacer_162",7673536,7674217,681,0.386928506579095
"pair_3566","spacer_210","spacer_219",7675156,7675202,46,0.386922874382512
"pair_2876","spacer_184","spacer_224",7674955,7675227,272,0.386905047714467
"pair_2191","spacer_165","spacer_193",7674237,7675078,841,0.386900221875262
"pair_2676","spacer_176","spacer_209",7674871,7675155,284,0.386841781128682
"pair_787","spacer_117","spacer_128",7673536,7673597,61,0.386821056907095
"pair_233","spacer_70","spacer_105",7669692,7670669,977,0.386789298178524
"pair_1648","spacer_154","spacer_155",7673829,7674185,356,0.386750785452249
"pair_3139","spacer_193","spacer_216",7675078,7675188,110,0.386749320523633
"pair_1868","spacer_158","spacer_212",7674205,7675178,973,0.386747454728704
"pair_3517","spacer_208","spacer_226",7675154,7676008,854,0.386699658671305
"pair_3770","spacer_224","spacer_271",7675227,7676174,947,0.386673937480943
"pair_1208","spacer_130","spacer_136",7673608,7673716,108,0.386665112120141
"pair_53","spacer_24","spacer_26",7666230,7667176,946,0.386485674201357
"pair_1320","spacer_136","spacer_158",7673716,7674205,489,0.386485457440597
"pair_561","spacer_87","spacer_109",7669784,7670712,928,0.386434512738514
"pair_2408","spacer_170","spacer_179",7674269,7674917,648,0.386433298010324
"pair_3633","spacer_214","spacer_225",7675183,7675998,815,0.386418982918615
"pair_1877","spacer_159","spacer_166",7674209,7674238,29,0.386414791449381
"pair_2636","spacer_175","spacer_208",7674870,7675154,284,0.386386461887989
"pair_4074","spacer_236","spacer_274",7676059,7676192,133,0.386300982489354
"pair_2096","spacer_163","spacer_193",7674224,7675078,854,0.386273328627808
"pair_4264","spacer_259","spacer_279",7676141,7676226,85,0.386048525392321
"pair_1004","spacer_122","spacer_154",7673571,7673829,258,0.385993999695591
"pair_560","spacer_87","spacer_108",7669784,7670681,897,0.385953223074298
"pair_254","spacer_71","spacer_98",7669705,7670642,937,0.385866460524121
"pair_3721","spacer_217","spacer_272",7675194,7676186,992,0.385824230424021
"pair_3680","spacer_216","spacer_228",7675188,7676024,836,0.385810041102018
"pair_2033","spacer_162","spacer_175",7674217,7674870,653,0.385768577418805
"pair_3708","spacer_217","spacer_236",7675194,7676059,865,0.385616863765028
"pair_3726","spacer_219","spacer_226",7675202,7676008,806,0.385550417560747
"pair_4042","spacer_235","spacer_275",7676055,7676193,138,0.38543911211423
"pair_2645","spacer_175","spacer_219",7674870,7675202,332,0.385237220777431
"pair_64","spacer_26","spacer_46",7667176,7667345,169,0.385150273324919
"pair_1073","spacer_124","spacer_147",7673576,7673788,212,0.385091754840307
"pair_1592","spacer_150","spacer_167",7673788,7674236,448,0.385020685470536
"pair_553","spacer_87","spacer_100",7669784,7670647,863,0.385017526354147
"pair_3940","spacer_229","spacer_273",7676039,7676198,159,0.384977584702577
"pair_3883","spacer_227","spacer_287",7676023,7676265,242,0.384949350869544
"pair_3120","spacer_192","spacer_236",7675077,7676059,982,0.384946205979057
"pair_895","spacer_119","spacer_159",7673559,7674209,650,0.384906823810924
"pair_2064","spacer_162","spacer_209",7674217,7675155,938,0.384888091587661
"pair_651","spacer_112","spacer_116",7673232,7673539,307,0.384650045919759
"pair_176","spacer_58","spacer_86",7669618,7669783,165,0.384616670190619
"pair_2227","spacer_166","spacer_181",7674238,7674940,702,0.384567604450149
"pair_1094","spacer_124","spacer_168",7673576,7674262,686,0.384499488451163
"pair_4437","spacer_275","spacer_279",7676193,7676226,33,0.384464508992294
"pair_3833","spacer_226","spacer_270",7676008,7676173,165,0.384411821342933
"pair_2661","spacer_176","spacer_193",7674871,7675078,207,0.384382660640563
"pair_3540","spacer_209","spacer_219",7675155,7675202,47,0.384356734946287
"pair_1215","spacer_130","spacer_146",7673608,7673779,171,0.384312504143608
"pair_228","spacer_70","spacer_99",7669692,7670646,954,0.384265346884421
"pair_2372","spacer_169","spacer_188",7674266,7674971,705,0.384241950804693
"pair_1238","spacer_130","spacer_169",7673608,7674266,658,0.384219651673045
"pair_3477","spacer_206","spacer_256",7675150,7676127,977,0.384157909199438
"pair_1499","spacer_146","spacer_158",7673779,7674205,426,0.384132849464064
"pair_1829","spacer_158","spacer_169",7674205,7674266,61,0.384039996993501
"pair_2208","spacer_165","spacer_212",7674237,7675178,941,0.383991793071608
"pair_756","spacer_116","spacer_148",7673539,7673789,250,0.383921171819311
"pair_3915","spacer_228","spacer_284",7676024,7676258,234,0.383811690414695
"pair_1580","spacer_150","spacer_155",7673788,7674185,397,0.383783504478078
"pair_3211","spacer_195","spacer_236",7675095,7676059,964,0.383733656037873
"pair_1327","spacer_136","spacer_165",7673716,7674237,521,0.383729795783502
"pair_241","spacer_71","spacer_80",7669705,7669762,57,0.383687998214557
"pair_3775","spacer_224","spacer_277",7675227,7676225,998,0.383640854174623
"pair_681","spacer_112","spacer_154",7673232,7673829,597,0.383624084269942
"pair_1277","spacer_135","spacer_146",7673715,7673779,64,0.383517093470675
"pair_2729","spacer_180","spacer_190",7674926,7675073,147,0.38348797620766
"pair_1300","spacer_135","spacer_169",7673715,7674266,551,0.383424241000112
"pair_2113","spacer_163","spacer_212",7674224,7675178,954,0.383364899824154
"pair_4376","spacer_271","spacer_287",7676174,7676265,91,0.383248176117896
"pair_2305","spacer_167","spacer_213",7674236,7675179,943,0.383160794887033
"pair_47","spacer_19","spacer_24",7666207,7666230,23,0.38315854787614
"pair_1325","spacer_136","spacer_163",7673716,7674224,508,0.383102902536048
"pair_3480","spacer_206","spacer_260",7675150,7676142,992,0.383102808420139
"pair_3132","spacer_193","spacer_208",7675078,7675154,76,0.383046855568726
"pair_1000","spacer_122","spacer_150",7673571,7673788,217,0.38302671872142
"pair_1259","spacer_134","spacer_159",7673714,7674209,495,0.382932387485753
"pair_1537","spacer_148","spacer_154",7673789,7673829,40,0.382895210169494
"pair_785","spacer_117","spacer_124",7673536,7673576,40,0.382885714645948
"pair_409","spacer_79","spacer_104",7669761,7670660,899,0.382803268748758
"pair_739","spacer_116","spacer_123",7673539,7673575,36,0.382802057904358
"pair_3642","spacer_214","spacer_241",7675183,7676088,905,0.38273899663926
"pair_3692","spacer_216","spacer_259",7675188,7676141,953,0.382727680532434
"pair_590","spacer_95","spacer_105",7670634,7670669,35,0.382660106359266
"pair_3939","spacer_229","spacer_272",7676039,7676186,147,0.382597091467048
"pair_2958","spacer_187","spacer_214",7674960,7675183,223,0.382549088581176
"pair_3316","spacer_199","spacer_227",7675136,7676023,887,0.382515880092758
"pair_2049","spacer_162","spacer_193",7674217,7675078,861,0.382428971099542
"pair_1895","spacer_159","spacer_186",7674209,7674959,750,0.382393929075098
"pair_3926","spacer_229","spacer_236",7676039,7676059,20,0.382389724808055
"pair_2236","spacer_166","spacer_190",7674238,7675073,835,0.382373090581541
"pair_1988","spacer_161","spacer_181",7674221,7674940,719,0.382189314287327
"pair_3519","spacer_208","spacer_228",7675154,7676024,870,0.382107576147111
"pair_2692","spacer_179","spacer_187",7674917,7674960,43,0.38200196636627
"pair_3440","spacer_204","spacer_227",7675149,7676023,874,0.381989712098375
"pair_4520","spacer_284","spacer_300",7676258,7676593,335,0.381950748704881
"pair_1716","spacer_155","spacer_213",7674185,7675179,994,0.381923613894574
"pair_3141","spacer_193","spacer_219",7675078,7675202,124,0.381897614458167
"pair_4143","spacer_242","spacer_285",7676089,7676263,174,0.381878960808477
"pair_1042","spacer_123","spacer_154",7673575,7673829,254,0.38177609625454
"pair_323","spacer_74","spacer_82",7669735,7669771,36,0.381668993829115
"pair_2678","spacer_176","spacer_212",7674871,7675178,307,0.38147423183691
"pair_339","spacer_74","spacer_104",7669735,7670660,925,0.381422039356061
"pair_1506","spacer_146","spacer_165",7673779,7674237,458,0.381377187806969
"pair_2556","spacer_173","spacer_206",7674859,7675150,291,0.381361823833724
"pair_281","spacer_72","spacer_98",7669706,7670642,936,0.38134022404694
"pair_3105","spacer_192","spacer_213",7675077,7675179,102,0.381319063467648
"pair_2787","spacer_181","spacer_224",7674940,7675227,287,0.381309944321431
"pair_1820","spacer_157","spacer_214",7674200,7675183,983,0.38130345423684
"pair_2169","spacer_165","spacer_169",7674237,7674266,29,0.381284335336406
"pair_4040","spacer_235","spacer_273",7676055,7676198,143,0.381238850388887
"pair_2398","spacer_169","spacer_216",7674266,7675188,922,0.381133433984777
"pair_2858","spacer_184","spacer_199",7674955,7675136,181,0.381045815574635
"pair_3862","spacer_227","spacer_256",7676023,7676127,104,0.380989957435319
"pair_3728","spacer_219","spacer_228",7675202,7676024,822,0.380958335036553
"pair_361","spacer_75","spacer_98",7669736,7670642,906,0.380850525899943
"pair_2344","spacer_168","spacer_206",7674262,7675150,888,0.38082555943146
"pair_50","spacer_20","spacer_28",7666224,7667212,988,0.380795482562385
"pair_574","spacer_93","spacer_105",7670632,7670669,37,0.380786478742928
"pair_119","spacer_41","spacer_48",7667310,7667350,40,0.380767067491934
"pair_1787","spacer_157","spacer_179",7674200,7674917,717,0.380756332021934
"pair_1504","spacer_146","spacer_163",7673779,7674224,445,0.380750294559515
"pair_4268","spacer_259","spacer_284",7676141,7676258,117,0.380729329845111
"pair_2074","spacer_163","spacer_169",7674224,7674266,42,0.380657442088952
"pair_677","spacer_112","spacer_150",7673232,7673788,556,0.38065680329577
"pair_429","spacer_80","spacer_103",7669762,7670646,884,0.380634678703746
"pair_1424","spacer_142","spacer_147",7673747,7673788,41,0.380574096164402
"pair_2863","spacer_184","spacer_204",7674955,7675149,194,0.380519647580252
"pair_137","spacer_43","spacer_48",7667324,7667350,26,0.380284634656964
"pair_4403","spacer_273","spacer_279",7676198,7676226,28,0.380264247266951
"pair_81","spacer_28","spacer_48",7667212,7667350,138,0.380261850283468
"pair_4457","spacer_277","spacer_287",7676225,7676265,40,0.380215092811577
"pair_15","spacer_5","spacer_8",7661967,7661991,24,0.380163917837958
"pair_3508","spacer_208","spacer_212",7675154,7675178,24,0.380138426765072
"pair_3196","spacer_195","spacer_213",7675095,7675179,84,0.380106513526464
"pair_1997","spacer_161","spacer_190",7674221,7675073,852,0.379994800418719
"pair_1445","spacer_142","spacer_168",7673747,7674262,515,0.379981829775258
"pair_3865","spacer_227","spacer_260",7676023,7676142,119,0.37993485665602
"pair_3903","spacer_228","spacer_270",7676024,7676173,149,0.379819738818739
"pair_744","spacer_116","spacer_130",7673539,7673608,69,0.379667750896892
"pair_496","spacer_84","spacer_96",7669783,7670635,852,0.379540281567363
"pair_2066","spacer_162","spacer_212",7674217,7675178,961,0.379520542295888
"pair_766","spacer_116","spacer_158",7673539,7674205,666,0.379488096217348
"pair_8","spacer_4","spacer_7",7661973,7661995,22,0.379362465163206
"pair_4209","spacer_256","spacer_271",7676127,7676174,47,0.379288782683671
"pair_1324","spacer_136","spacer_162",7673716,7674217,501,0.379258545007782
"pair_268","spacer_72","spacer_80",7669706,7669762,56,0.379161761737376
"pair_1138","spacer_128","spacer_136",7673597,7673716,119,0.379151095335782
"pair_4441","spacer_275","spacer_284",7676193,7676258,65,0.379145313445083
"pair_3049","spacer_190","spacer_224",7675073,7675227,154,0.379115430452823
"pair_3531","spacer_208","spacer_259",7675154,7676141,987,0.379025215577526
"pair_3586","spacer_212","spacer_219",7675178,7675202,24,0.378989185654514
"pair_56","spacer_26","spacer_38",7667176,7667297,121,0.378942851570743
"pair_746","spacer_116","spacer_135",7673539,7673715,176,0.378872340223959
"pair_4039","spacer_235","spacer_272",7676055,7676186,131,0.378858357153359
"pair_1038","spacer_123","spacer_150",7673575,7673788,213,0.378808815280369
"pair_2362","spacer_169","spacer_176",7674266,7674871,605,0.378766774101707
"pair_3615","spacer_213","spacer_229",7675179,7676039,860,0.378762582296646
"pair_348","spacer_75","spacer_80",7669736,7669762,26,0.378672063590379
"pair_1223","spacer_130","spacer_154",7673608,7673829,221,0.378641789247074
"pair_2309","spacer_167","spacer_217",7674236,7675194,958,0.378625603471472
"pair_1674","spacer_155","spacer_167",7674185,7674236,51,0.378559496112428
"pair_3414","spacer_203","spacer_227",7675143,7676023,880,0.378532558155062
"pair_1651","spacer_154","spacer_158",7673829,7674205,376,0.37846213456753
"pair_796","spacer_117","spacer_142",7673536,7673747,211,0.378368055970043
"pair_3465","spacer_206","spacer_226",7675150,7676008,858,0.378365053249271
"pair_2907","spacer_186","spacer_190",7674959,7675073,114,0.378352228207258
"pair_14","spacer_5","spacer_7",7661967,7661995,28,0.378278698707202
"pair_4281","spacer_260","spacer_271",7676142,7676174,32,0.378233681904372
"pair_3722","spacer_217","spacer_274",7675194,7676192,998,0.378138648562384
"pair_26","spacer_13","spacer_26",7666187,7667176,989,0.378054515730383
"pair_2634","spacer_175","spacer_206",7674870,7675150,280,0.378051856465955
"pair_4364","spacer_270","spacer_300",7676173,7676593,420,0.377958797108924
"pair_2286","spacer_167","spacer_192",7674236,7675077,841,0.377954945685501
"pair_4386","spacer_272","spacer_279",7676186,7676226,40,0.377883754031422
"pair_3740","spacer_219","spacer_259",7675202,7676141,939,0.377875974466968
"pair_3607","spacer_212","spacer_270",7675178,7676173,995,0.3778505894367
"pair_1285","spacer_135","spacer_154",7673715,7673829,114,0.377846378574141
"pair_1017","spacer_122","spacer_167",7673571,7674236,665,0.37780271035577
"pair_4078","spacer_236","spacer_279",7676059,7676226,167,0.377676387372429
"pair_216","spacer_70","spacer_82",7669692,7669771,79,0.377465331125465
"pair_2391","spacer_169","spacer_208",7674266,7675154,888,0.37743096902987
"pair_206","spacer_60","spacer_84",7669630,7669783,153,0.377426337951103
"pair_382","spacer_78","spacer_96",7669755,7670635,880,0.377371166086072
"pair_4125","spacer_242","spacer_258",7676089,7676135,46,0.37734294288078
"pair_1908","spacer_159","spacer_199",7674209,7675136,927,0.377297899180831
"pair_232","spacer_70","spacer_104",7669692,7670660,968,0.377218376652411
"pair_2900","spacer_185","spacer_214",7674958,7675183,225,0.377139756685827
"pair_2862","spacer_184","spacer_203",7674955,7675143,188,0.377062493636938
"pair_260","spacer_71","spacer_105",7669705,7670669,964,0.376954925321421
"pair_1503","spacer_146","spacer_162",7673779,7674217,438,0.376905937031249
"pair_4140","spacer_242","spacer_282",7676089,7676253,164,0.376818904767743
"pair_2027","spacer_162","spacer_169",7674217,7674266,49,0.376813084560686
"pair_1145","spacer_128","spacer_146",7673597,7673779,182,0.37679848735925
"pair_3109","spacer_192","spacer_217",7675077,7675194,117,0.376783872052087
"pair_1913","spacer_159","spacer_204",7674209,7675149,940,0.376771731186448
"pair_2289","spacer_167","spacer_195",7674236,7675095,859,0.376742395744317
"pair_4256","spacer_259","spacer_270",7676141,7676173,32,0.376737378249154
"pair_773","spacer_116","spacer_165",7673539,7674237,698,0.376732434560253
"pair_2535","spacer_173","spacer_184",7674859,7674955,96,0.376723807551481
"pair_1697","spacer_155","spacer_192",7674185,7675077,892,0.376717764693043
"pair_1168","spacer_128","spacer_169",7673597,7674266,669,0.376705634888687
"pair_2690","spacer_179","spacer_185",7674917,7674958,41,0.376592634470921
"pair_3570","spacer_210","spacer_227",7675156,7676023,867,0.376569558306917
"pair_1005","spacer_122","spacer_155",7673571,7674185,614,0.376565529363311
"pair_494","spacer_84","spacer_94",7669783,7670633,850,0.376482938453998
"pair_3749","spacer_219","spacer_275",7675202,7676193,991,0.37629195806694
"pair_2400","spacer_169","spacer_219",7674266,7675202,936,0.376281727919311
"pair_4214","spacer_256","spacer_277",7676127,7676225,98,0.376255699377352
"pair_24","spacer_13","spacer_23",7666187,7666226,39,0.37619247968253
"pair_2323","spacer_168","spacer_184",7674262,7674955,693,0.376187543149217
"pair_771","spacer_116","spacer_163",7673539,7674224,685,0.376105541312799
"pair_170","spacer_58","spacer_80",7669618,7669762,144,0.375901853931792
"pair_1658","spacer_154","spacer_165",7673829,7674237,408,0.375706472910435
"pair_1219","spacer_130","spacer_150",7673608,7673788,180,0.375674508272903
"pair_551","spacer_87","spacer_98",7669784,7670642,858,0.375640037208294
"pair_3200","spacer_195","spacer_217",7675095,7675194,99,0.375571322110903
"pair_514","spacer_85","spacer_96",7669779,7670635,856,0.375556240945906
"pair_1700","spacer_155","spacer_195",7674185,7675095,910,0.375505214751858
"pair_1583","spacer_150","spacer_158",7673788,7674205,417,0.375494853593359
"pair_2769","spacer_181","spacer_199",7674940,7675136,196,0.375450712181599
"pair_200","spacer_60","spacer_78",7669630,7669755,125,0.375257222469812
"pair_1065","spacer_124","spacer_136",7673576,7673716,140,0.375215753074635
"pair_4286","spacer_260","spacer_277",7676142,7676225,83,0.375200598598053
"pair_4348","spacer_270","spacer_275",7676173,7676193,20,0.375153361849126
"pair_2868","spacer_184","spacer_210",7674955,7675156,201,0.375099493788794
"pair_1656","spacer_154","spacer_163",7673829,7674224,395,0.375079579662981
"pair_3618","spacer_213","spacer_235",7675179,7676055,876,0.375023847982956
"pair_4407","spacer_273","spacer_284",7676198,7676258,60,0.37494505171974
"pair_2774","spacer_181","spacer_204",7674940,7675149,209,0.374924544187216
"pair_3941","spacer_229","spacer_274",7676039,7676192,153,0.374911509605412
"pair_1281","spacer_135","spacer_150",7673715,7673788,73,0.37487909759997
"pair_22","spacer_13","spacer_19",7666187,7666207,20,0.374727389405167
"pair_3130","spacer_193","spacer_206",7675078,7675150,72,0.374712250146692
"pair_1550","spacer_148","spacer_167",7673789,7674236,447,0.374703920829673
"pair_3698","spacer_216","spacer_272",7675188,7676186,998,0.374562909171534
"pair_255","spacer_71","spacer_99",7669705,7670646,941,0.374430974027318
"pair_3685","spacer_216","spacer_236",7675188,7676059,871,0.374355542512541
"pair_380","spacer_78","spacer_94",7669755,7670633,878,0.374313822972707
"pair_3704","spacer_217","spacer_229",7675194,7676039,845,0.374227390881085
"pair_682","spacer_112","spacer_155",7673232,7674185,953,0.374195613937662
"pair_602","spacer_96","spacer_109",7670635,7670712,77,0.374121060290634
"pair_3544","spacer_209","spacer_227",7675155,7676023,868,0.374003418870692
"pair_629","spacer_103","spacer_105",7670646,7670669,23,0.373901605810609
"pair_2986","spacer_188","spacer_213",7674971,7675179,208,0.373836916821048
"pair_3467","spacer_206","spacer_228",7675150,7676024,874,0.373772970725077
"pair_601","spacer_96","spacer_108",7670635,7670681,46,0.373639770626418
"pair_1869","spacer_158","spacer_213",7674205,7675179,974,0.373634963009856
"pair_1055","spacer_123","spacer_167",7673575,7674236,661,0.373584806914719
"pair_3116","spacer_192","spacer_229",7675077,7676039,962,0.373556733095114
"pair_3834","spacer_226","spacer_271",7676008,7676174,166,0.373495926733504
"pair_1538","spacer_148","spacer_155",7673789,7674185,396,0.373466739837214
"pair_419","spacer_80","spacer_87",7669762,7669784,22,0.37346157489873
"pair_207","spacer_60","spacer_85",7669630,7669779,149,0.373442297329646
"pair_657","spacer_112","spacer_122",7673232,7673571,339,0.373438828181004
"pair_3764","spacer_224","spacer_258",7675227,7676135,908,0.373430724770549
"pair_2613","spacer_175","spacer_184",7674870,7674955,85,0.373413840183712
"pair_468","spacer_82","spacer_106",7669771,7670664,893,0.373405904766345
"pair_459","spacer_82","spacer_95",7669771,7670634,863,0.373336139306207
"pair_1912","spacer_159","spacer_203",7674209,7675143,934,0.373314577243134
"pair_3031","spacer_190","spacer_199",7675073,7675136,63,0.373256198312991
"pair_589","spacer_95","spacer_104",7670634,7670660,26,0.373089184833153
"pair_1521","spacer_147","spacer_159",7673788,7674209,421,0.373031893144557
"pair_1884","spacer_159","spacer_173",7674209,7674859,650,0.372975891157677
"pair_1072","spacer_124","spacer_146",7673576,7673779,203,0.372863145098102
"pair_1095","spacer_124","spacer_169",7673576,7674266,690,0.372770292627539
"pair_1590","spacer_150","spacer_165",7673788,7674237,449,0.372739191936264
"pair_3036","spacer_190","spacer_204",7675073,7675149,76,0.372730030318608
"pair_998","spacer_122","spacer_148",7673571,7673789,218,0.372709954080556
"pair_4390","spacer_272","spacer_284",7676186,7676258,72,0.372564558484211
"pair_51","spacer_23","spacer_26",7666226,7667176,950,0.372533719104873
"pair_2867","spacer_184","spacer_209",7674955,7675155,200,0.372533354352568
"pair_512","spacer_85","spacer_94",7669779,7670633,854,0.372498897832541
"pair_1879","spacer_159","spacer_168",7674209,7674262,53,0.372439626755413
"pair_287","spacer_72","spacer_105",7669706,7670669,963,0.37242868884424
"pair_4082","spacer_236","spacer_284",7676059,7676258,199,0.372357191825218
"pair_1043","spacer_123","spacer_155",7673575,7674185,610,0.37234762592226
"pair_3207","spacer_195","spacer_229",7675095,7676039,944,0.37234418315393
"pair_464","spacer_82","spacer_101",7669771,7670651,880,0.372301262091925
"pair_770","spacer_116","spacer_162",7673539,7674217,678,0.372261183784533
"pair_742","spacer_116","spacer_128",7673539,7673597,58,0.372153734112533
"pair_1588","spacer_150","spacer_163",7673788,7674224,436,0.37211229868881
"pair_3747","spacer_219","spacer_273",7675202,7676198,996,0.372091696341597
"pair_122","spacer_41","spacer_55",7667310,7667402,92,0.371987584070459
"pair_367","spacer_75","spacer_105",7669736,7670669,933,0.371938990697243
"pair_3456","spacer_206","spacer_212",7675150,7675178,28,0.371803821343038
"pair_2751","spacer_180","spacer_214",7674926,7675183,257,0.371796437904885
"pair_112","spacer_40","spacer_54",7667305,7667401,96,0.37157044857496
"pair_3145","spacer_193","spacer_227",7675078,7676023,945,0.371544298382573
"pair_140","spacer_43","spacer_55",7667324,7667402,78,0.371505151235489
"pair_84","spacer_28","spacer_55",7667212,7667402,190,0.371482366861993
"pair_2773","spacer_181","spacer_203",7674940,7675143,203,0.371467390243903
"pair_457","spacer_82","spacer_93",7669771,7670632,861,0.37146251168987
"pair_1918","spacer_159","spacer_210",7674209,7675156,947,0.371351577394989
"pair_3643","spacer_214","spacer_242",7675183,7676089,906,0.371336110260278
"pair_1655","spacer_154","spacer_162",7673829,7674217,388,0.371235222134715
"pair_573","spacer_93","spacer_104",7670632,7670660,28,0.371215557216816
"pair_4041","spacer_235","spacer_274",7676055,7676192,137,0.371172775291722
"pair_2532","spacer_173","spacer_181",7674859,7674940,81,0.371128704158446
"pair_1153","spacer_128","spacer_154",7673597,7673829,232,0.371127772462715
"pair_48","spacer_19","spacer_26",7666207,7667176,969,0.371068628827511
"pair_586","spacer_94","spacer_109",7670633,7670712,79,0.371063717177269
"pair_4347","spacer_270","spacer_273",7676173,7676198,25,0.370953100123783
"pair_2209","spacer_165","spacer_213",7674237,7675179,942,0.37087930135276
"pair_812","spacer_117","spacer_159",7673536,7674209,673,0.370825852950198
"pair_1305","spacer_136","spacer_142",7673716,7673747,31,0.37069809439873
"pair_3479","spacer_206","spacer_259",7675150,7676141,991,0.370690610155492
"pair_2258","spacer_166","spacer_214",7674238,7675183,945,0.370681552278766
"pair_3524","spacer_208","spacer_236",7675154,7676059,905,0.370653077557634
"pair_2320","spacer_168","spacer_181",7674262,7674940,678,0.370592439756182
"pair_585","spacer_94","spacer_108",7670633,7670681,48,0.370582427513054
"pair_4221","spacer_256","spacer_285",7676127,7676263,136,0.370581587900975
"pair_3707","spacer_217","spacer_235",7675194,7676055,861,0.370488656567395
"pair_2282","spacer_167","spacer_188",7674236,7674971,735,0.370472799038901
"pair_3839","spacer_226","spacer_277",7676008,7676225,217,0.370462843427185
"pair_1236","spacer_130","spacer_167",7673608,7674236,628,0.370450499907253
"pair_7","spacer_3","spacer_12",7661962,7662008,46,0.370352365359352
"pair_675","spacer_112","spacer_148",7673232,7673789,557,0.370340038654907
"pair_1827","spacer_158","spacer_167",7674205,7674236,31,0.370270845227709
"pair_2114","spacer_163","spacer_213",7674224,7675179,955,0.370252408105306
"pair_4420","spacer_274","spacer_279",7676192,7676226,34,0.370198172169785
"pair_2225","spacer_166","spacer_179",7674238,7674917,679,0.37013443006386
"pair_2852","spacer_184","spacer_193",7674955,7675078,123,0.370074233864449
"pair_4247","spacer_258","spacer_287",7676135,7676265,130,0.370004963407502
"pair_282","spacer_72","spacer_99",7669706,7670646,940,0.369904737550137
"pair_532","spacer_86","spacer_96",7669783,7670635,852,0.369862938709677
"pair_3119","spacer_192","spacer_235",7675077,7676055,978,0.369817998781425
"pair_3746","spacer_219","spacer_272",7675202,7676186,984,0.369711203106068
"pair_1886","spacer_159","spacer_175",7674209,7674870,661,0.369665923789908
"pair_1298","spacer_135","spacer_167",7673715,7674236,521,0.36965508923432
"pair_4293","spacer_260","spacer_285",7676142,7676263,121,0.369526487121676
"pair_2779","spacer_181","spacer_210",7674940,7675156,216,0.369504390395758
"pair_3733","spacer_219","spacer_236",7675202,7676059,857,0.369503836447075
"pair_362","spacer_75","spacer_99",7669736,7670646,910,0.36941503940314
"pair_2990","spacer_188","spacer_217",7674971,7675194,223,0.369301725405487
"pair_3035","spacer_190","spacer_203",7675073,7675143,70,0.369272876375294
"pair_1693","spacer_155","spacer_188",7674185,7674971,786,0.369235618046443
"pair_658","spacer_112","spacer_123",7673232,7673575,343,0.369220924739953
"pair_1224","spacer_130","spacer_155",7673608,7674185,577,0.369213318914794
"pair_1873","spacer_158","spacer_217",7674205,7675194,989,0.369099771594295
"pair_2389","spacer_169","spacer_206",7674266,7675150,884,0.369096363607836
"pair_1665","spacer_155","spacer_158",7674185,7674205,20,0.36903366423525
"pair_2541","spacer_173","spacer_190",7674859,7675073,214,0.368934190289838
"pair_3904","spacer_228","spacer_271",7676024,7676174,150,0.36890384420931
"pair_1917","spacer_159","spacer_209",7674209,7675155,946,0.368785437958764
"pair_3889","spacer_227","spacer_300",7676023,7676593,570,0.368744077251143
"pair_374","spacer_78","spacer_84",7669755,7669783,28,0.368682946194363
"pair_3590","spacer_212","spacer_227",7675178,7676023,845,0.368635869578919
"pair_2967","spacer_188","spacer_192",7674971,7675077,106,0.368631067619516
"pair_3210","spacer_195","spacer_235",7675095,7676055,960,0.36860544884024
"pair_190","spacer_59","spacer_84",7669629,7669783,154,0.368509584992542
"pair_1036","spacer_123","spacer_148",7673575,7673789,214,0.368492050639505
"pair_986","spacer_122","spacer_130",7673571,7673608,37,0.368456533158137
"pair_1850","spacer_158","spacer_192",7674205,7675077,872,0.368429113808324
"pair_1286","spacer_135","spacer_155",7673715,7674185,470,0.368417908241862
"pair_2329","spacer_168","spacer_190",7674262,7675073,811,0.368397925887573
"pair_4070","spacer_236","spacer_270",7676059,7676173,114,0.368365240229261
"pair_2679","spacer_176","spacer_213",7674871,7675179,308,0.368361740118062
"pair_1423","spacer_142","spacer_146",7673747,7673779,32,0.368345486422197
"pair_2019","spacer_161","spacer_214",7674221,7675183,962,0.368303262115943
"pair_1008","spacer_122","spacer_158",7673571,7674205,634,0.368276878478593
"pair_1587","spacer_150","spacer_162",7673788,7674217,429,0.368267941160544
"pair_1446","spacer_142","spacer_169",7673747,7674266,519,0.368252633951634
"pair_740","spacer_116","spacer_124",7673539,7673576,37,0.368218391851386
"pair_1149","spacer_128","spacer_150",7673597,7673788,191,0.368160491488544
"pair_2610","spacer_175","spacer_181",7674870,7674940,70,0.367818736790677
"pair_1986","spacer_161","spacer_179",7674221,7674917,696,0.367756139901037
"pair_208","spacer_60","spacer_86",7669630,7669783,153,0.367748995093417
"pair_988","spacer_122","spacer_135",7673571,7673715,144,0.367661122485204
"pair_243","spacer_71","spacer_82",7669705,7669771,66,0.367630958268362
"pair_3328","spacer_199","spacer_258",7675136,7676135,999,0.367571492630717
"pair_3864","spacer_227","spacer_259",7676023,7676141,118,0.367522658391373
"pair_3632","spacer_214","spacer_224",7675183,7675227,44,0.367423892150048
"pair_2970","spacer_188","spacer_195",7674971,7675095,124,0.367418517678332
"pair_259","spacer_71","spacer_104",7669705,7670660,955,0.367384003795308
"pair_2308","spacer_167","spacer_216",7674236,7675188,952,0.367364282218985
"pair_3041","spacer_190","spacer_210",7675073,7675156,83,0.36730987652715
"pair_1853","spacer_158","spacer_195",7674205,7675095,890,0.36721656386714
"pair_1080","spacer_124","spacer_154",7673576,7673829,253,0.367192430201568
"pair_2869","spacer_184","spacer_212",7674955,7675178,223,0.367165805060795
"pair_3452","spacer_204","spacer_258",7675149,7676135,986,0.367045324636334
"pair_4382","spacer_271","spacer_300",7676174,7676593,419,0.367042902499495
"pair_3509","spacer_208","spacer_213",7675154,7675179,25,0.367025935046224
"pair_2778","spacer_181","spacer_209",7674940,7675155,215,0.366938250959533
"pair_3608","spacer_212","spacer_271",7675178,7676174,996,0.366934694827271
"pair_2722","spacer_179","spacer_224",7674917,7675227,310,0.366876769935142
"pair_530","spacer_86","spacer_94",7669783,7670633,850,0.366805595596312
"pair_557","spacer_87","spacer_105",7669784,7670669,885,0.366728502005594
"pair_2929","spacer_186","spacer_214",7674959,7675183,224,0.366660689904482
"pair_156","spacer_47","spacer_55",7667349,7667402,53,0.366445743214778
"pair_2067","spacer_162","spacer_213",7674217,7675179,962,0.366408050577041
"pair_2213","spacer_165","spacer_217",7674237,7675194,957,0.3663441099372
"pair_184","spacer_59","spacer_78",7669629,7669755,126,0.36634046951125
"pair_1902","spacer_159","spacer_193",7674209,7675078,869,0.366326317470645
"pair_3945","spacer_229","spacer_279",7676039,7676226,187,0.366286914488486
"pair_1672","spacer_155","spacer_165",7674185,7674237,52,0.366278002578155
"pair_2691","spacer_179","spacer_186",7674917,7674959,42,0.366113567689576
"pair_663","spacer_112","spacer_130",7673232,7673608,376,0.366086617732487
"pair_3873","spacer_227","spacer_275",7676023,7676193,170,0.365938641991345
"pair_3051","spacer_190","spacer_226",7675073,7676008,935,0.365937419705385
"pair_685","spacer_112","spacer_158",7673232,7674205,973,0.365906963052943
"pair_3609","spacer_213","spacer_219",7675179,7675202,23,0.365876693935666
"pair_3909","spacer_228","spacer_277",7676024,7676225,201,0.365870760902991
"pair_4257","spacer_259","spacer_271",7676141,7676174,33,0.365821483639725
"pair_2118","spacer_163","spacer_217",7674224,7675194,970,0.365717216689745
"pair_2190","spacer_165","spacer_192",7674237,7675077,840,0.365673452151229
"pair_1670","spacer_155","spacer_163",7674185,7674224,39,0.365651109330701
"pair_2619","spacer_175","spacer_190",7674870,7675073,203,0.365624222922068
"pair_3108","spacer_192","spacer_216",7675077,7675188,111,0.3655225507996
"pair_4218","spacer_256","spacer_282",7676127,7676253,126,0.365521531860241
"pair_1015","spacer_122","spacer_165",7673571,7674237,666,0.365521216821498
"pair_507","spacer_84","spacer_109",7669783,7670712,929,0.365432840398926
"pair_1217","spacer_130","spacer_148",7673608,7673789,181,0.365357743632039
"pair_665","spacer_112","spacer_135",7673232,7673715,483,0.365291207059555
"pair_39","spacer_17","spacer_20",7666198,7666224,26,0.365256028901059
"pair_1541","spacer_148","spacer_158",7673789,7674205,416,0.365178088952495
"pair_2095","spacer_163","spacer_192",7674224,7675077,853,0.365046558903775
"pair_2272","spacer_167","spacer_176",7674236,7674871,635,0.364997622335915
"pair_506","spacer_84","spacer_108",7669783,7670681,898,0.36495155073471
"pair_1013","spacer_122","spacer_163",7673571,7674224,653,0.364894323574043
"pair_4424","spacer_274","spacer_284",7676192,7676258,66,0.364878976622575
"pair_3846","spacer_226","spacer_285",7676008,7676263,255,0.364788731950808
"pair_3040","spacer_190","spacer_209",7675073,7675155,82,0.364743737090925
"pair_3630","spacer_213","spacer_270",7675179,7676173,994,0.364738097717852
"pair_73","spacer_28","spacer_40",7667212,7667305,93,0.364714346173148
"pair_375","spacer_78","spacer_85",7669755,7669779,24,0.364698905572906
"pair_465","spacer_82","spacer_103",7669771,7670646,875,0.36457763875755
"pair_1279","spacer_135","spacer_148",7673715,7673789,74,0.364562332959107
"pair_191","spacer_59","spacer_85",7669629,7669779,150,0.364525544371084
"pair_2763","spacer_181","spacer_193",7674940,7675078,138,0.364479130471413
"pair_4290","spacer_260","spacer_282",7676142,7676253,111,0.364466431080942
"pair_2193","spacer_165","spacer_195",7674237,7675095,858,0.364460902210045
"pair_2368","spacer_169","spacer_184",7674266,7674955,689,0.364458347325593
"pair_3199","spacer_195","spacer_216",7675095,7675188,93,0.364310000858416
"pair_1024","spacer_123","spacer_130",7673575,7673608,33,0.364238629717085
"pair_1076","spacer_124","spacer_150",7673576,7673788,212,0.364225149227397
"pair_552","spacer_87","spacer_99",7669784,7670646,862,0.364204550711491
"pair_1046","spacer_123","spacer_158",7673575,7674205,630,0.364058975037541
"pair_499","spacer_84","spacer_100",7669783,7670647,864,0.364015854014558
"pair_4463","spacer_277","spacer_300",7676225,7676593,368,0.364009819193176
"pair_2098","spacer_163","spacer_195",7674224,7675095,871,0.363834008962591
"pair_2683","spacer_176","spacer_217",7674871,7675194,323,0.363826548702501
"pair_1683","spacer_155","spacer_176",7674185,7674871,686,0.363760441343457
"pair_751","spacer_116","spacer_142",7673539,7673747,208,0.363700733175481
"pair_2301","spacer_167","spacer_208",7674236,7675154,918,0.363661817264078
"pair_3426","spacer_203","spacer_258",7675143,7676135,992,0.36358817069302
"pair_1026","spacer_123","spacer_135",7673575,7673715,140,0.363443219044153
"pair_1919","spacer_159","spacer_212",7674209,7675178,969,0.363417888666991
"pair_393","spacer_78","spacer_109",7669755,7670712,957,0.363263724917634
"pair_1321","spacer_136","spacer_159",7673716,7674209,493,0.363155891378885
"pair_2660","spacer_176","spacer_192",7674871,7675077,206,0.36315589091653
"pair_270","spacer_72","spacer_82",7669706,7669771,65,0.363104721791181
"pair_3681","spacer_216","spacer_229",7675188,7676039,851,0.362966069628598
"pair_1166","spacer_128","spacer_167",7673597,7674236,639,0.362936483122895
"pair_286","spacer_72","spacer_104",7669706,7670660,954,0.362857767318127
"pair_4262","spacer_259","spacer_277",7676141,7676225,84,0.362788400333406
"pair_392","spacer_78","spacer_108",7669755,7670681,926,0.362782435253418
"pair_1431","spacer_142","spacer_154",7673747,7673829,82,0.362674771525663
"pair_350","spacer_75","spacer_82",7669736,7669771,35,0.362615023644184
"pair_4045","spacer_235","spacer_279",7676055,7676226,171,0.362548180174796
"pair_690","spacer_112","spacer_163",7673232,7674224,992,0.362524408148394
"pair_2310","spacer_167","spacer_219",7674236,7675202,966,0.362512576153519
"pair_3513","spacer_208","spacer_217",7675154,7675194,40,0.362490743630664
"pair_1712","spacer_155","spacer_208",7674185,7675154,969,0.362424636271619
"pair_1548","spacer_148","spacer_165",7673789,7674237,448,0.3624224272954
"pair_366","spacer_75","spacer_104",7669736,7670660,924,0.36236806917113
"pair_3472","spacer_206","spacer_236",7675150,7676059,909,0.3623184721356
"pair_3748","spacer_219","spacer_274",7675202,7676192,990,0.362025621244432
"pair_2663","spacer_176","spacer_195",7674871,7675095,224,0.361943340975346
"pair_2071","spacer_162","spacer_217",7674217,7675194,977,0.36187285916148
"pair_385","spacer_78","spacer_100",7669755,7670647,892,0.361846738533267
"pair_3101","spacer_192","spacer_208",7675077,7675154,77,0.361820085844693
"pair_1669","spacer_155","spacer_162",7674185,7674217,32,0.361806751802435
"pair_1546","spacer_148","spacer_163",7673789,7674224,435,0.361795534047946
"pair_3871","spacer_227","spacer_273",7676023,7676198,175,0.361738380266002
"pair_1154","spacer_128","spacer_155",7673597,7674185,588,0.361699302130436
"pair_3582","spacer_210","spacer_258",7675156,7676135,979,0.361625170844876
"pair_2780","spacer_181","spacer_212",7674940,7675178,238,0.36157070166776
"pair_3308","spacer_199","spacer_214",7675136,7675183,47,0.361564660010215
"pair_525","spacer_85","spacer_109",7669779,7670712,933,0.361448799777468
"pair_3053","spacer_190","spacer_228",7675073,7676024,951,0.36134533718119
"pair_1053","spacer_123","spacer_165",7673575,7674237,662,0.361303313380446
"pair_4435","spacer_275","spacer_277",7676193,7676225,32,0.361204383933378
"pair_2048","spacer_162","spacer_192",7674217,7675077,860,0.361202201375509
"pair_424","spacer_80","spacer_96",7669762,7670635,873,0.36114812245085
"pair_1012","spacer_122","spacer_162",7673571,7674217,646,0.361049966045778
"pair_3432","spacer_204","spacer_214",7675149,7675183,34,0.361038492015832
"pair_2704","spacer_179","spacer_199",7674917,7675136,219,0.361017537795309
"pair_3949","spacer_229","spacer_284",7676039,7676258,219,0.360967718941275
"pair_524","spacer_85","spacer_108",7669779,7670681,902,0.360967510113253
"pair_1846","spacer_158","spacer_188",7674205,7674971,766,0.360946967161724
"pair_984","spacer_122","spacer_128",7673571,7673597,26,0.360942516373778
"pair_142","spacer_44","spacer_52",7667347,7667392,45,0.36093508185931
"pair_1227","spacer_130","spacer_158",7673608,7674205,597,0.360924668030076
"pair_1500","spacer_146","spacer_159",7673779,7674209,430,0.360803283402352
"pair_1880","spacer_159","spacer_169",7674209,7674266,57,0.360710430931789
"pair_1051","spacer_123","spacer_163",7673575,7674224,649,0.360676420132992
"pair_3110","spacer_192","spacer_219",7675077,7675202,125,0.360670844734134
"pair_3192","spacer_195","spacer_208",7675095,7675154,59,0.360607535903509
"pair_2709","spacer_179","spacer_204",7674917,7675149,232,0.360491369800926
"pair_1207","spacer_130","spacer_135",7673608,7673715,107,0.360308912036687
"pair_3828","spacer_226","spacer_258",7676008,7676135,127,0.36025271402311
"pair_3719","spacer_217","spacer_270",7675194,7676173,979,0.360202906302291
"pair_3916","spacer_228","spacer_285",7676024,7676263,239,0.360196649426614
"pair_1289","spacer_135","spacer_158",7673715,7674205,490,0.360129257357143
"pair_3646","spacer_214","spacer_256",7675183,7676127,944,0.360038737352776
"pair_4366","spacer_271","spacer_273",7676174,7676198,24,0.360037205514354
"pair_517","spacer_85","spacer_100",7669779,7670647,868,0.360031813393101
"pair_2051","spacer_162","spacer_195",7674217,7675095,878,0.359989651434325
"pair_147","spacer_45","spacer_54",7667344,7667401,57,0.359878185907823
"pair_172","spacer_58","spacer_82",7669618,7669771,153,0.359844813985597
"pair_3843","spacer_226","spacer_282",7676008,7676253,245,0.359728675910074
"pair_1427","spacer_142","spacer_150",7673747,7673788,41,0.359707490551492
"pair_109","spacer_40","spacer_47",7667305,7667349,44,0.359677722525933
"pair_648","spacer_108","spacer_109",7670681,7670712,31,0.359532329457981
"pair_3201","spacer_195","spacer_219",7675095,7675202,107,0.35945829479295
"pair_3042","spacer_190","spacer_212",7675073,7675178,105,0.359376187799152
"pair_3870","spacer_227","spacer_272",7676023,7676186,163,0.359357887030473
"pair_3520","spacer_208","spacer_229",7675154,7676039,885,0.359263604673691
"pair_3684","spacer_216","spacer_235",7675188,7676055,867,0.359227335314908
"pair_3857","spacer_227","spacer_236",7676023,7676059,36,0.35915052037148
"pair_3556","spacer_209","spacer_258",7675155,7676135,980,0.35905903140865
"pair_202","spacer_60","spacer_80",7669630,7669762,132,0.35903417883459
"pair_376","spacer_78","spacer_86",7669755,7669783,28,0.359005603336677
"pair_1093","spacer_124","spacer_167",7673576,7674236,660,0.359001140861747
"pair_3649","spacer_214","spacer_260",7675183,7676142,959,0.358983636573477
"pair_1","spacer_3","spacer_6",7661962,7661990,28,0.358932220331307
"pair_2365","spacer_169","spacer_181",7674266,7674940,674,0.358863243932558
"pair_192","spacer_59","spacer_86",7669629,7669783,154,0.358832242134855
"pair_3457","spacer_206","spacer_213",7675150,7675179,29,0.35869132962419
"pair_689","spacer_112","spacer_162",7673232,7674217,985,0.358680050620128
"pair_621","spacer_100","spacer_109",7670647,7670712,65,0.35859663273783
"pair_661","spacer_112","spacer_128",7673232,7673597,365,0.358572600948129
"pair_4526","spacer_285","spacer_300",7676263,7676593,330,0.358335707716799
"pair_2186","spacer_165","spacer_188",7674237,7674971,734,0.358191305504629
"pair_1234","spacer_130","spacer_165",7673608,7674237,629,0.358169006372981
"pair_620","spacer_100","spacer_108",7670647,7670681,34,0.358115343073614
"pair_3729","spacer_219","spacer_229",7675202,7676039,837,0.358114363563132
"pair_422","spacer_80","spacer_94",7669762,7670633,871,0.358090779337486
"pair_2989","spacer_188","spacer_216",7674971,7675188,217,0.358040404153
"pair_1825","spacer_158","spacer_165",7674205,7674237,32,0.357989351693437
"pair_1545","spacer_148","spacer_162",7673789,7674217,428,0.35795117651968
"pair_1147","spacer_128","spacer_148",7673597,7673789,192,0.357843726847681
"pair_1872","spacer_158","spacer_216",7674205,7675188,983,0.357838450341808
"pair_1081","spacer_124","spacer_155",7673576,7674185,609,0.357763959869289
"pair_3406","spacer_203","spacer_214",7675143,7675183,40,0.357581338072519
"pair_2091","spacer_163","spacer_188",7674224,7674971,747,0.357564412257175
"pair_1232","spacer_130","spacer_163",7673608,7674224,616,0.357542113125526
"pair_4071","spacer_236","spacer_271",7676059,7676174,115,0.357449345619833
"pair_1296","spacer_135","spacer_165",7673715,7674237,522,0.357373595700048
"pair_2563","spacer_173","spacer_214",7674859,7675183,324,0.357242651987062
"pair_4049","spacer_235","spacer_284",7676055,7676258,203,0.357228984627586
"pair_556","spacer_87","spacer_104",7669784,7670660,876,0.357157580479481
"pair_4269","spacer_259","spacer_285",7676141,7676263,122,0.357114288857029
"pair_2708","spacer_179","spacer_203",7674917,7675143,226,0.357034215857613
"pair_4401","spacer_273","spacer_277",7676198,7676225,27,0.357004122208035
"pair_3937","spacer_229","spacer_270",7676039,7676173,134,0.356975767345319
"pair_1050","spacer_123","spacer_162",7673575,7674217,642,0.356832062604726
"pair_1294","spacer_135","spacer_163",7673715,7674224,509,0.356746702452594
"pair_1022","spacer_123","spacer_128",7673575,7673597,22,0.356724612932727
"pair_2351","spacer_168","spacer_214",7674262,7675183,921,0.356706387584798
"pair_2530","spacer_173","spacer_179",7674859,7674917,58,0.356695529772156
"pair_2374","spacer_169","spacer_190",7674266,7675073,807,0.35666873006395
"pair_33","spacer_15","spacer_24",7666196,7666230,34,0.356383124929719
"pair_4480","spacer_279","spacer_284",7676226,7676258,32,0.356254381505649
"pair_2318","spacer_168","spacer_179",7674262,7674917,655,0.356159265369892
"pair_767","spacer_116","spacer_159",7673539,7674209,670,0.356158530155636
"pair_543","spacer_86","spacer_109",7669783,7670712,929,0.355755497541239
"pair_2656","spacer_176","spacer_188",7674871,7674971,100,0.35567374426993
"pair_3898","spacer_228","spacer_258",7676024,7676135,111,0.355660631498916
"pair_12","spacer_4","spacer_12",7661973,7662008,35,0.355659053344928
"pair_3562","spacer_210","spacer_214",7675156,7675183,27,0.355618338224374
"pair_4442","spacer_275","spacer_285",7676193,7676263,70,0.355530272457001
"pair_3523","spacer_208","spacer_235",7675154,7676055,901,0.355524870360001
"pair_3613","spacer_213","spacer_227",7675179,7676023,844,0.355523377860071
"pair_1836","spacer_158","spacer_176",7674205,7674871,666,0.355471790458738
"pair_2299","spacer_167","spacer_206",7674236,7675150,914,0.355327211842044
"pair_542","spacer_86","spacer_108",7669783,7670681,898,0.355274207877023
"pair_3913","spacer_228","spacer_282",7676024,7676253,229,0.35513659338588
"pair_1652","spacer_154","spacer_159",7673829,7674209,380,0.355132568505818
"pair_2212","spacer_165","spacer_216",7674237,7675188,951,0.355082788684713
"pair_2714","spacer_179","spacer_210",7674917,7675156,239,0.355071216009468
"pair_151","spacer_46","spacer_54",7667345,7667401,56,0.35470635886814
"pair_497","spacer_84","spacer_98",7669783,7670642,859,0.354638364868705
"pair_659","spacer_112","spacer_124",7673232,7673576,344,0.354637258686982
"pair_4384","spacer_272","spacer_277",7676186,7676225,39,0.354623628972506
"pair_19","spacer_5","spacer_12",7661967,7662008,41,0.354575286888924
"pair_1444","spacer_142","spacer_167",7673747,7674236,489,0.354483482185842
"pair_2117","spacer_163","spacer_216",7674224,7675188,964,0.354455895437259
"pair_4076","spacer_236","spacer_277",7676059,7676225,166,0.354416262313513
"pair_598","spacer_96","spacer_105",7670635,7670669,34,0.354415049557714
"pair_3732","spacer_219","spacer_235",7675202,7676055,853,0.354375629249443
"pair_535","spacer_86","spacer_100",7669783,7670647,864,0.354338511156872
"pair_2982","spacer_188","spacer_208",7674971,7675154,183,0.354337939198093
"pair_3634","spacer_214","spacer_226",7675183,7676008,825,0.354245881402609
"pair_3461","spacer_206","spacer_217",7675150,7675194,44,0.354156138208629
"pair_1865","spacer_158","spacer_208",7674205,7675154,949,0.354135985386901
"pair_1710","spacer_155","spacer_206",7674185,7675150,965,0.354090030849585
"pair_2870","spacer_184","spacer_213",7674955,7675179,224,0.354053313341948
"pair_2641","spacer_175","spacer_214",7674870,7675183,313,0.353932684619293
"pair_1074","spacer_124","spacer_148",7673576,7673789,213,0.353908384586534
"pair_3631","spacer_213","spacer_271",7675179,7676174,995,0.353822203108423
"pair_4253","spacer_258","spacer_300",7676135,7676593,458,0.353799689789102
"pair_2044","spacer_162","spacer_188",7674217,7674971,754,0.353720054728909
"pair_1231","spacer_130","spacer_162",7673608,7674217,609,0.353697755597261
"pair_3602","spacer_212","spacer_258",7675178,7676135,957,0.353691482116878
"pair_116","spacer_41","spacer_45",7667310,7667344,34,0.353527300714478
"pair_3099","spacer_192","spacer_206",7675077,7675150,73,0.353485480422659
"pair_1157","spacer_128","spacer_158",7673597,7674205,608,0.353410651245717
"pair_2608","spacer_175","spacer_179",7674870,7674917,47,0.353385562404387
"pair_4508","spacer_282","spacer_300",7676253,7676593,340,0.353275651676065
"pair_1432","spacer_142","spacer_155",7673747,7674185,438,0.353246301193384
"pair_4037","spacer_235","spacer_270",7676055,7676173,118,0.353237033031629
"pair_2991","spacer_188","spacer_219",7674971,7675202,231,0.353188698087534
"pair_3536","spacer_209","spacer_214",7675155,7675183,28,0.353052198788149
"pair_134","spacer_43","spacer_45",7667324,7667344,20,0.353044867879507
"pair_78","spacer_28","spacer_45",7667212,7667344,132,0.353022083506011
"pair_1874","spacer_158","spacer_219",7674205,7675202,997,0.352986744276342
"pair_158","spacer_48","spacer_52",7667350,7667392,42,0.352953032975896
"pair_1293","spacer_135","spacer_162",7673715,7674217,502,0.352902344924328
"pair_1137","spacer_128","spacer_135",7673597,7673715,118,0.352794895252328
"pair_2176","spacer_165","spacer_176",7674237,7674871,634,0.352716128801643
"pair_2682","spacer_176","spacer_216",7674871,7675188,317,0.352565227450014
"pair_2713","spacer_179","spacer_209",7674917,7675155,238,0.352505076573243
"pair_993","spacer_122","spacer_142",7673571,7673747,176,0.352489515436726
"pair_383","spacer_78","spacer_98",7669755,7670642,887,0.352469249387414
"pair_417","spacer_80","spacer_84",7669762,7669783,21,0.352459902559142
"pair_3190","spacer_195","spacer_206",7675095,7675150,55,0.352272930481475
"pair_4351","spacer_270","spacer_279",7676173,7676226,53,0.352262429909692
"pair_1584","spacer_150","spacer_159",7673788,7674209,421,0.352165287531647
"pair_2081","spacer_163","spacer_176",7674224,7674871,647,0.352089235554189
"pair_4266","spacer_259","spacer_282",7676141,7676253,112,0.352054232816295
"pair_3872","spacer_227","spacer_274",7676023,7676192,169,0.351672305168837
"pair_2205","spacer_165","spacer_208",7674237,7675154,917,0.351380323729806
"pair_582","spacer_94","spacer_105",7670633,7670669,36,0.351357706444349
"pair_4408","spacer_273","spacer_285",7676198,7676263,65,0.351330010731658
"pair_3512","spacer_208","spacer_216",7675154,7675188,34,0.351229422378177
"pair_4237","spacer_258","spacer_275",7676135,7676193,58,0.350994254529304
"pair_3702","spacer_217","spacer_227",7675194,7676023,829,0.35098818644451
"pair_3468","spacer_206","spacer_229",7675150,7676039,889,0.350928999251657
"pair_2024","spacer_162","spacer_165",7674217,7674237,20,0.350762439260622
"pair_2110","spacer_163","spacer_208",7674224,7675154,930,0.350753430482351
"pair_2278","spacer_167","spacer_184",7674236,7674955,719,0.350689195559801
"pair_1164","spacer_128","spacer_165",7673597,7674237,640,0.350654989588622
"pair_515","spacer_85","spacer_98",7669779,7670642,863,0.350654324247248
"pair_2070","spacer_162","spacer_216",7674217,7675188,971,0.350611537908993
"pair_3137","spacer_193","spacer_214",7675078,7675183,105,0.35059307830003
"pair_4439","spacer_275","spacer_282",7676193,7676253,60,0.350470216416268
"pair_3114","spacer_192","spacer_227",7675077,7676023,946,0.350317528658539
"pair_1920","spacer_159","spacer_213",7674209,7675179,970,0.350305396948143
"pair_2214","spacer_165","spacer_219",7674237,7675202,965,0.350231082619247
"pair_670","spacer_112","spacer_142",7673232,7673747,515,0.350119600011077
"pair_186","spacer_59","spacer_80",7669629,7669762,133,0.350117425876029
"pair_2698","spacer_179","spacer_193",7674917,7675078,161,0.350045956085124
"pair_1162","spacer_128","spacer_163",7673597,7674224,627,0.350028096341168
"pair_3058","spacer_190","spacer_236",7675073,7676059,986,0.349890838591713
"pair_1062","spacer_124","spacer_130",7673576,7673608,32,0.349654963664114
"pair_3636","spacer_214","spacer_228",7675183,7676024,841,0.349653798878415
"pair_2119","spacer_163","spacer_219",7674224,7675202,978,0.349604189371793
"pair_2874","spacer_184","spacer_217",7674955,7675194,239,0.349518121926387
"pair_1084","spacer_124","spacer_158",7673576,7674205,629,0.34947530898457
"pair_1689","spacer_155","spacer_184",7674185,7674955,770,0.349452014567342
"pair_1425","spacer_142","spacer_148",7673747,7673789,42,0.349390725910629
"pair_3720","spacer_217","spacer_271",7675194,7676174,980,0.349287011692862
"pair_609","spacer_98","spacer_109",7670642,7670712,70,0.349219143591976
"pair_54","spacer_24","spacer_28",7666230,7667212,982,0.349185657342766
"pair_3205","spacer_195","spacer_227",7675095,7676023,928,0.349104978717355
"pair_4391","spacer_272","spacer_285",7676186,7676263,77,0.34894951749613
"pair_3696","spacer_216","spacer_270",7675188,7676173,985,0.348941585049804
"pair_2675","spacer_176","spacer_208",7674871,7675154,283,0.348862762495107
"pair_1064","spacer_124","spacer_135",7673576,7673715,139,0.348859552991181
"pair_2851","spacer_184","spacer_192",7674955,7675077,122,0.348847464140416
"pair_4083","spacer_236","spacer_285",7676059,7676263,204,0.348742150837136
"pair_608","spacer_98","spacer_108",7670642,7670681,39,0.34873785392776
"pair_93","spacer_38","spacer_54",7667297,7667401,104,0.348498937113964
"pair_2781","spacer_181","spacer_213",7674940,7675179,239,0.348458209948912
"pair_117","spacer_41","spacer_46",7667310,7667345,35,0.348355473674795
"pair_1031","spacer_123","spacer_142",7673575,7673747,172,0.348271611995675
"pair_2034","spacer_162","spacer_176",7674217,7674871,654,0.348244878025923
"pair_135","spacer_43","spacer_46",7667324,7667345,21,0.347873040839825
"pair_79","spacer_28","spacer_46",7667212,7667345,133,0.347850256466329
"pair_2684","spacer_176","spacer_219",7674871,7675202,331,0.347713521384548
"pair_2854","spacer_184","spacer_195",7674955,7675095,140,0.347634914199232
"pair_3471","spacer_206","spacer_235",7675150,7676055,905,0.347190264937967
"pair_2715","spacer_179","spacer_212",7674917,7675178,261,0.34713752728147
"pair_435","spacer_80","spacer_109",7669762,7670712,950,0.347040681282413
"pair_4355","spacer_270","spacer_284",7676173,7676258,85,0.346943234362482
"pair_1878","spacer_159","spacer_167",7674209,7674236,27,0.346941279165997
"pair_4418","spacer_274","spacer_277",7676192,7676225,33,0.34693804711087
"pair_2063","spacer_162","spacer_208",7674217,7675154,937,0.346909072954086
"pair_4235","spacer_258","spacer_273",7676135,7676198,63,0.346793992803961
"pair_1091","spacer_124","spacer_165",7673576,7674237,661,0.346719647327475
"pair_3648","spacer_214","spacer_259",7675183,7676141,958,0.34657143830883
"pair_434","spacer_80","spacer_108",7669762,7670681,919,0.346559391618197
"pair_3514","spacer_208","spacer_219",7675154,7675202,48,0.346377716312711
"pair_4405","spacer_273","spacer_282",7676198,7676253,55,0.346269954690924
"pair_3043","spacer_190","spacer_213",7675073,7675179,106,0.346263696080304
"pair_1161","spacer_128","spacer_162",7673597,7674217,620,0.346183738812902
"pair_1089","spacer_124","spacer_163",7673576,7674224,648,0.346092754080021
"pair_3938","spacer_229","spacer_271",7676039,7676174,135,0.34605987273589
"pair_2980","spacer_188","spacer_206",7674971,7675150,179,0.346003333776059
"pair_1863","spacer_158","spacer_206",7674205,7675150,945,0.345801379964867
"pair_1924","spacer_159","spacer_217",7674209,7675194,985,0.345770205532583
"pair_2072","spacer_162","spacer_219",7674217,7675202,985,0.345759831843527
"pair_503","spacer_84","spacer_105",7669783,7670669,886,0.345726829666005
"pair_1666","spacer_155","spacer_159",7674185,7674209,24,0.345704098173538
"pair_427","spacer_80","spacer_100",7669762,7670647,885,0.345623694898046
"pair_1212","spacer_130","spacer_142",7673608,7673747,139,0.345137304988209
"pair_1901","spacer_159","spacer_192",7674209,7675077,868,0.345099547746612
"pair_2275","spacer_167","spacer_181",7674236,7674940,704,0.345094092166765
"pair_460","spacer_82","spacer_96",7669771,7670635,864,0.345091082504655
"pair_2396","spacer_169","spacer_214",7674266,7675183,917,0.344977191761174
"pair_533","spacer_86","spacer_98",7669783,7670642,859,0.344961022011019
"pair_1435","spacer_142","spacer_158",7673747,7674205,458,0.344957650308665
"pair_1009","spacer_122","spacer_159",7673571,7674209,638,0.344947312416881
"pair_597","spacer_96","spacer_104",7670635,7670660,25,0.344844128031601
"pair_2363","spacer_169","spacer_179",7674266,7674917,651,0.344430069546268
"pair_4234","spacer_258","spacer_272",7676135,7676186,51,0.344413499568432
"pair_1274","spacer_135","spacer_142",7673715,7673747,32,0.344341894315276
"pair_34","spacer_15","spacer_26",7666196,7667176,980,0.344293205881089
"pair_4065","spacer_236","spacer_258",7676059,7676135,76,0.344206132909439
"pair_3744","spacer_219","spacer_270",7675202,7676173,971,0.344089878984339
"pair_3856","spacer_227","spacer_235",7676023,7676055,32,0.344022313173848
"pair_68","spacer_26","spacer_54",7667176,7667401,225,0.343951840695948
"pair_2785","spacer_181","spacer_217",7674940,7675194,254,0.343923018533351
"pair_4388","spacer_272","spacer_282",7676186,7676253,67,0.343889461455396
"pair_1904","spacer_159","spacer_195",7674209,7675095,886,0.343886997805428
"pair_1686","spacer_155","spacer_181",7674185,7674940,755,0.343856911174307
"pair_4080","spacer_236","spacer_282",7676059,7676253,194,0.343682094796403
"pair_389","spacer_78","spacer_105",7669755,7670669,914,0.343557714184714
"pair_2762","spacer_181","spacer_192",7674940,7675077,137,0.34325236074738
"pair_498","spacer_84","spacer_99",7669783,7670646,863,0.343202878371902
"pair_13","spacer_5","spacer_6",7661967,7661990,23,0.343155141860879
"pair_3876","spacer_227","spacer_279",7676023,7676226,203,0.343047710051911
"pair_2203","spacer_165","spacer_206",7674237,7675150,913,0.343045718307771
"pair_3943","spacer_229","spacer_277",7676039,7676225,186,0.34302678942957
"pair_204","spacer_60","spacer_82",7669630,7669771,141,0.342977138888395
"pair_2284","spacer_167","spacer_190",7674236,7675073,837,0.342899578298157
"pair_3460","spacer_206","spacer_216",7675150,7675188,38,0.342894816956143
"pair_418","spacer_80","spacer_86",7669762,7669783,21,0.342782559701455
"pair_686","spacer_112","spacer_159",7673232,7674209,977,0.342577396991231
"pair_32","spacer_15","spacer_23",7666196,7666226,30,0.342431169833236
"pair_2108","spacer_163","spacer_206",7674224,7675150,926,0.342418825060317
"pair_4038","spacer_235","spacer_271",7676055,7676174,119,0.3423211384222
"pair_1088","spacer_124","spacer_162",7673576,7674217,641,0.342248396551755
"pair_1442","spacer_142","spacer_165",7673747,7674237,490,0.34220198865157
"pair_1060","spacer_124","spacer_128",7673576,7673597,21,0.342140946879755
"pair_2765","spacer_181","spacer_195",7674940,7675095,155,0.342039810806196
"pair_458","spacer_82","spacer_94",7669771,7670633,862,0.34203373939129
"pair_1542","spacer_148","spacer_159",7673789,7674209,420,0.341848522890783
"pair_581","spacer_94","spacer_104",7670633,7670660,27,0.341786784918236
"pair_521","spacer_85","spacer_105",7669779,7670669,890,0.341742789044548
"pair_3047","spacer_190","spacer_217",7675073,7675194,121,0.341728504664743
"pair_86","spacer_38","spacer_43",7667297,7667324,27,0.341665619085648
"pair_1695","spacer_155","spacer_190",7674185,7675073,888,0.341662397305699
"pair_71","spacer_28","spacer_38",7667212,7667297,85,0.341642834712152
"pair_1440","spacer_142","spacer_163",7673747,7674224,477,0.341575095404116
"pair_4369","spacer_271","spacer_279",7676174,7676226,52,0.341346535300263
"pair_4425","spacer_274","spacer_285",7676192,7676263,71,0.341263935634493
"pair_1842","spacer_158","spacer_184",7674205,7674955,750,0.341163363682624
"pair_384","spacer_78","spacer_99",7669755,7670646,891,0.341033762890611
"pair_1047","spacer_123","spacer_159",7673575,7674209,634,0.340729408975829
"pair_3625","spacer_213","spacer_258",7675179,7676135,956,0.34057899039803
"pair_2673","spacer_176","spacer_206",7674871,7675150,279,0.340528157073073
"pair_639","spacer_105","spacer_109",7670669,7670712,43,0.340307608389276
"pair_3027","spacer_190","spacer_195",7675073,7675095,22,0.339845296937588
"pair_3679","spacer_216","spacer_227",7675188,7676023,835,0.339726865192023
"pair_4043","spacer_235","spacer_277",7676055,7676225,170,0.339288055115881
"pair_516","spacer_85","spacer_99",7669779,7670646,867,0.339218837750445
"pair_618","spacer_100","spacer_105",7670647,7670669,22,0.338890622004909
"pair_2061","spacer_162","spacer_206",7674217,7675150,933,0.338574467532052
"pair_3054","spacer_190","spacer_229",7675073,7676039,966,0.33850136570777
"pair_2182","spacer_165","spacer_184",7674237,7674955,718,0.338407702025529
"pair_2873","spacer_184","spacer_216",7674955,7675188,233,0.3382568006739
"pair_3641","spacer_214","spacer_236",7675183,7676059,876,0.338199300288938
"pair_3462","spacer_206","spacer_219",7675150,7675202,52,0.338043110890677
"pair_3697","spacer_216","spacer_271",7675188,7676174,986,0.338025690440375
"pair_615","spacer_99","spacer_109",7670646,7670712,66,0.337783657095173
"pair_2087","spacer_163","spacer_184",7674224,7674955,731,0.337780808778074
"pair_1439","spacer_142","spacer_162",7673747,7674217,470,0.33773073787585
"pair_3880","spacer_227","spacer_284",7676023,7676258,235,0.337728514504701
"pair_1142","spacer_128","spacer_142",7673597,7673747,150,0.33762328820385
"pair_1897","spacer_159","spacer_188",7674209,7674971,762,0.337617401100012
"pair_59","spacer_26","spacer_41",7667176,7667310,134,0.337600955502603
"pair_1228","spacer_130","spacer_159",7673608,7674209,601,0.337595101968364
"pair_111","spacer_40","spacer_52",7667305,7667392,87,0.337405528865576
"pair_3950","spacer_229","spacer_285",7676039,7676263,224,0.337352677953194
"pair_614","spacer_99","spacer_108",7670646,7670681,35,0.337302367430958
"pair_61","spacer_26","spacer_43",7667176,7667324,148,0.337118522667633
"pair_55","spacer_26","spacer_28",7667176,7667212,36,0.337095738294137
"pair_1290","spacer_135","spacer_159",7673715,7674209,494,0.336799691295431
"pair_4236","spacer_258","spacer_274",7676135,7676192,57,0.336727917706795
"pair_90","spacer_38","spacer_47",7667297,7667349,52,0.336606211064938
"pair_425","spacer_80","spacer_98",7669762,7670642,880,0.336246205752192
"pair_4422","spacer_274","spacer_282",7676192,7676253,61,0.336203879593759
"pair_502","spacer_84","spacer_104",7669783,7670660,877,0.336155908139893
"pair_539","spacer_86","spacer_105",7669783,7670669,886,0.336049486808319
"pair_3714","spacer_217","spacer_258",7675194,7676135,941,0.336043798982469
"pair_4373","spacer_271","spacer_284",7676174,7676258,84,0.336027339753053
"pair_3518","spacer_208","spacer_227",7675154,7676023,869,0.336024400237116
"pair_2652","spacer_176","spacer_184",7674871,7674955,84,0.33589014079083
"pair_2758","spacer_181","spacer_188",7674940,7674971,31,0.33577021410078
"pair_1839","spacer_158","spacer_181",7674205,7674940,735,0.335568260289588
"pair_52","spacer_23","spacer_28",7666226,7667212,986,0.335233702246283
"pair_3727","spacer_219","spacer_227",7675202,7676023,821,0.334875159126558
"pair_3057","spacer_190","spacer_235",7675073,7676055,982,0.334762631394081
"pair_1876","spacer_159","spacer_165",7674209,7674237,28,0.334659785631725
"pair_2866","spacer_184","spacer_208",7674955,7675154,199,0.334554335718993
"pair_1923","spacer_159","spacer_216",7674209,7675188,979,0.334508884280096
"pair_188","spacer_59","spacer_82",7669629,7669771,142,0.334060385929834
"pair_2716","spacer_179","spacer_213",7674917,7675179,262,0.334025035562622
"pair_388","spacer_78","spacer_104",7669755,7670660,905,0.333986792658601
"pair_2040","spacer_162","spacer_184",7674217,7674955,738,0.333936451249809
"pair_5","spacer_3","spacer_10",7661962,7662009,47,0.333874443166591
"pair_3868","spacer_227","spacer_270",7676023,7676173,150,0.333736562908744
"pair_1069","spacer_124","spacer_142",7673576,7673747,171,0.333687945942703
"pair_41","spacer_17","spacer_24",7666198,7666230,32,0.33364620368144
"pair_4050","spacer_235","spacer_285",7676055,7676263,208,0.333613943639504
"pair_2965","spacer_188","spacer_190",7674971,7675073,102,0.333575700232172
"pair_534","spacer_86","spacer_99",7669783,7670646,863,0.333525535514216
"pair_2875","spacer_184","spacer_219",7674955,7675202,247,0.333405094608434
"pair_1848","spacer_158","spacer_190",7674205,7675073,868,0.33337374642098
"pair_3745","spacer_219","spacer_271",7675202,7676174,972,0.33317398437491
"pair_4454","spacer_277","spacer_284",7676225,7676258,33,0.332994256446733
"pair_3932","spacer_229","spacer_258",7676039,7676135,96,0.332816660025496
"pair_2179","spacer_165","spacer_181",7674237,7674940,703,0.332812598632493
"pair_2784","spacer_181","spacer_216",7674940,7675188,248,0.332661697280864
"pair_4481","spacer_279","spacer_285",7676226,7676263,37,0.332639340517567
"pair_3947","spacer_229","spacer_282",7676039,7676253,214,0.33229262191246
"pair_2084","spacer_163","spacer_181",7674224,7674940,716,0.332185705385039
"pair_520","spacer_85","spacer_104",7669779,7670660,881,0.332171867518435
"pair_1887","spacer_159","spacer_176",7674209,7674871,662,0.332142224397026
"pair_65","spacer_26","spacer_47",7667176,7667349,173,0.332059114646922
"pair_2306","spacer_167","spacer_214",7674236,7675183,947,0.331208039995382
"pair_471","spacer_82","spacer_109",7669771,7670712,941,0.330983641336218
"pair_1916","spacer_159","spacer_208",7674209,7675154,945,0.330806419325189
"pair_636","spacer_104","spacer_109",7670660,7670712,52,0.330736686863164
"pair_2273","spacer_167","spacer_179",7674236,7674917,681,0.330660917780476
"pair_2188","spacer_165","spacer_190",7674237,7675073,836,0.330618084763885
"pair_470","spacer_82","spacer_108",7669771,7670681,910,0.330502351672002
"pair_3046","spacer_190","spacer_216",7675073,7675188,115,0.330467183412256
"pair_2649","spacer_176","spacer_181",7674871,7674940,69,0.330295037397794
"pair_635","spacer_104","spacer_108",7670660,7670681,21,0.330255397198948
"pair_1158","spacer_128","spacer_159",7673597,7674209,612,0.330081085184005
"pair_2093","spacer_163","spacer_190",7674224,7675073,849,0.329991191516431
"pair_1717","spacer_155","spacer_214",7674185,7675183,998,0.329970859002923
"pair_1925","spacer_159","spacer_219",7674209,7675202,993,0.32965717821463
"pair_463","spacer_82","spacer_100",7669771,7670647,876,0.32956665495185
"pair_605","spacer_98","spacer_105",7670642,7670669,27,0.329513132859056
"pair_2720","spacer_179","spacer_217",7674917,7675194,277,0.329489844147061
"pair_1684","spacer_155","spacer_179",7674185,7674917,732,0.329423736788017
"pair_3106","spacer_192","spacer_214",7675077,7675183,106,0.329366308575996
"pair_4032","spacer_235","spacer_258",7676055,7676135,80,0.329077925711807
"pair_4349","spacer_270","spacer_277",7676173,7676225,52,0.329002304850777
"pair_2777","spacer_181","spacer_208",7674940,7675154,214,0.328959232325957
"pair_2697","spacer_179","spacer_192",7674917,7675077,160,0.328819186361091
"pair_4047","spacer_235","spacer_282",7676055,7676253,198,0.32855388759877
"pair_2037","spacer_162","spacer_181",7674217,7674940,723,0.328341347856773
"pair_3197","spacer_195","spacer_214",7675095,7675183,88,0.328153758634812
"pair_4240","spacer_258","spacer_279",7676135,7676226,91,0.32810332258987
"pair_2658","spacer_176","spacer_190",7674871,7675073,202,0.328100523529186
"pair_2786","spacer_181","spacer_219",7674940,7675202,262,0.327809991215398
"pair_3466","spacer_206","spacer_227",7675150,7676023,873,0.327689794815082
"pair_2700","spacer_179","spacer_195",7674917,7675095,178,0.327606636419906
"pair_4478","spacer_279","spacer_282",7676226,7676253,27,0.327579284476833
"pair_431","spacer_80","spacer_105",7669762,7670669,907,0.327334670549492
"pair_3637","spacer_214","spacer_229",7675183,7676039,856,0.326809827404995
"pair_3039","spacer_190","spacer_208",7675073,7675154,81,0.326764718457349
"pair_538","spacer_86","spacer_104",7669783,7670660,877,0.326478565282206
"pair_2864","spacer_184","spacer_206",7674955,7675150,195,0.326219730296958
"pair_2046","spacer_162","spacer_190",7674217,7675073,856,0.326146833988165
"pair_1085","spacer_124","spacer_159",7673576,7674209,633,0.326145742922858
"pair_146","spacer_45","spacer_52",7667344,7667392,48,0.325713266198439
"pair_3048","spacer_190","spacer_219",7675073,7675202,129,0.32561547734679
"pair_426","spacer_80","spacer_99",7669762,7670646,884,0.32481071925539
"pair_3691","spacer_216","spacer_258",7675188,7676135,947,0.324782477729982
"pair_4356","spacer_270","spacer_285",7676173,7676263,90,0.3233281933744
"pair_3640","spacer_214","spacer_235",7675183,7676055,872,0.323071093091305
"pair_3869","spacer_227","spacer_271",7676023,7676174,151,0.322820668299315
"pair_4244","spacer_258","spacer_284",7676135,7676258,123,0.322784127042659
"pair_1914","spacer_159","spacer_206",7674209,7675150,941,0.322471813903154
"pair_2987","spacer_188","spacer_214",7674971,7675183,212,0.321884161929397
"pair_1870","spacer_158","spacer_214",7674205,7675183,978,0.321682208118204
"pair_1436","spacer_142","spacer_159",7673747,7674209,462,0.321628084246953
"pair_42","spacer_17","spacer_26",7666198,7667176,978,0.32155628463281
"pair_2693","spacer_179","spacer_188",7674917,7674971,54,0.321337039714491
"pair_1837","spacer_158","spacer_179",7674205,7674917,712,0.321135085903298
"pair_3530","spacer_208","spacer_258",7675154,7676135,981,0.321080012775075
"pair_2775","spacer_181","spacer_206",7674940,7675150,210,0.320624626903923
"pair_150","spacer_46","spacer_52",7667345,7667392,47,0.320541439158757
"pair_461","spacer_82","spacer_98",7669771,7670642,871,0.320189165805997
"pair_3739","spacer_219","spacer_258",7675202,7676135,933,0.319930771664516
"pair_3874","spacer_227","spacer_277",7676023,7676225,202,0.319787584992996
"pair_40","spacer_17","spacer_23",7666198,7666226,28,0.319694248584957
"pair_10","spacer_4","spacer_10",7661973,7662009,36,0.319181131152166
"pair_2210","spacer_165","spacer_214",7674237,7675183,946,0.318926546461109
"pair_4232","spacer_258","spacer_270",7676135,7676173,38,0.318792175446702
"pair_3037","spacer_190","spacer_206",7675073,7675150,77,0.318430113035315
"pair_2177","spacer_165","spacer_179",7674237,7674917,680,0.318379424246203
"pair_2115","spacer_163","spacer_214",7674224,7675183,959,0.318299653213655
"pair_4353","spacer_270","spacer_282",7676173,7676253,80,0.318268137333666
"pair_2719","spacer_179","spacer_216",7674917,7675188,271,0.318228522894574
"pair_17","spacer_5","spacer_10",7661967,7662009,42,0.318097364696162
"pair_4367","spacer_271","spacer_277",7676174,7676225,51,0.318086410241348
"pair_612","spacer_99","spacer_105",7670646,7670669,23,0.318077646362253
"pair_1893","spacer_159","spacer_184",7674209,7674955,746,0.317833797620912
"pair_430","spacer_80","spacer_104",7669762,7670660,898,0.31776374902338
"pair_2082","spacer_163","spacer_179",7674224,7674917,693,0.317752530998749
"pair_2680","spacer_176","spacer_214",7674871,7675183,312,0.31640898522641
"pair_2647","spacer_176","spacer_179",7674871,7674917,46,0.315861863011504
"pair_3052","spacer_190","spacer_227",7675073,7676023,950,0.315262161271196
"pair_3510","spacer_208","spacer_214",7675154,7675183,29,0.315073180154573
"pair_2712","spacer_179","spacer_208",7674917,7675154,237,0.314526057939667
"pair_2068","spacer_162","spacer_214",7674217,7675183,966,0.314455295685389
"pair_92","spacer_38","spacer_52",7667297,7667392,95,0.31433401740458
"pair_3881","spacer_227","spacer_285",7676023,7676263,240,0.314113473516619
"pair_2035","spacer_162","spacer_179",7674217,7674917,700,0.313908173470483
"pair_2849","spacer_184","spacer_190",7674955,7675073,118,0.313792096753072
"pair_2721","spacer_179","spacer_219",7674917,7675202,285,0.313376816829109
"pair_3652","spacer_214","spacer_270",7675183,7676173,990,0.312785342826201
"pair_3478","spacer_206","spacer_258",7675150,7676135,985,0.312745407353041
"pair_4374","spacer_271","spacer_285",7676174,7676263,89,0.312412298764971
"pair_1890","spacer_159","spacer_181",7674209,7674940,731,0.312238694227876
"pair_467","spacer_82","spacer_105",7669771,7670669,898,0.311277630603297
"pair_1899","spacer_159","spacer_190",7674209,7675073,864,0.310044180359268
"pair_67","spacer_26","spacer_52",7667176,7667392,216,0.309786920986565
"pair_3863","spacer_227","spacer_258",7676023,7676135,112,0.309577455588921
"pair_4455","spacer_277","spacer_285",7676225,7676263,38,0.309379215458652
"pair_3878","spacer_227","spacer_282",7676023,7676253,230,0.309053417475885
"pair_462","spacer_82","spacer_99",7669771,7670646,875,0.308753679309194
"pair_2760","spacer_181","spacer_190",7674940,7675073,133,0.308196993360036
"pair_4233","spacer_258","spacer_271",7676135,7676174,39,0.307876280837274
"pair_4371","spacer_271","spacer_282",7676174,7676253,79,0.307352242724237
"pair_121","spacer_41","spacer_54",7667310,7667401,91,0.307157041045824
"pair_3458","spacer_206","spacer_214",7675150,7675183,33,0.306738574732539
"pair_139","spacer_43","spacer_54",7667324,7667401,77,0.306674608210854
"pair_83","spacer_28","spacer_54",7667212,7667401,189,0.306651823837358
"pair_2710","spacer_179","spacer_206",7674917,7675150,233,0.306191452517633
"pair_4238","spacer_258","spacer_277",7676135,7676225,90,0.304843197530954
"pair_4452","spacer_277","spacer_282",7676225,7676253,28,0.304319159417918
"pair_3635","spacer_214","spacer_227",7675183,7676023,840,0.30357062296842
"pair_2871","spacer_184","spacer_214",7674955,7675183,228,0.302100558450296
"pair_3653","spacer_214","spacer_271",7675183,7676174,991,0.301869448216772
"pair_466","spacer_82","spacer_104",7669771,7670660,889,0.301706709077184
"pair_155","spacer_47","spacer_54",7667349,7667401,52,0.301615200190143
"pair_2689","spacer_179","spacer_184",7674917,7674955,38,0.30155343623539
"pair_74","spacer_28","spacer_41",7667212,7667310,98,0.300300938644013
"pair_76","spacer_28","spacer_43",7667212,7667324,112,0.299818505809042
"pair_4245","spacer_258","spacer_285",7676135,7676263,128,0.299169086054577
"pair_1921","spacer_159","spacer_214",7674209,7675183,974,0.298352642056492
"pair_1888","spacer_159","spacer_179",7674209,7674917,708,0.297805519841586
"pair_2782","spacer_181","spacer_214",7674940,7675183,243,0.296505455057261
"pair_2686","spacer_179","spacer_181",7674917,7674940,23,0.295958332842355
"pair_118","spacer_41","spacer_47",7667310,7667349,39,0.295264314996798
"pair_136","spacer_43","spacer_47",7667324,7667349,25,0.294781882161828
"pair_80","spacer_28","spacer_47",7667212,7667349,137,0.294759097788332
"pair_3044","spacer_190","spacer_214",7675073,7675183,110,0.294310941188653
"pair_4242","spacer_258","spacer_282",7676135,7676253,118,0.294109030013844
"pair_2695","spacer_179","spacer_190",7674917,7675073,156,0.293763818973747
"pair_3647","spacer_214","spacer_258",7675183,7676135,952,0.288626235506379
"pair_2717","spacer_179","spacer_214",7674917,7675183,266,0.282072280670971
"pair_120","spacer_41","spacer_52",7667310,7667392,82,0.272992121336441
"pair_138","spacer_43","spacer_52",7667324,7667392,68,0.27250968850147
"pair_82","spacer_28","spacer_52",7667212,7667392,180,0.272486904127974
"pair_154","spacer_47","spacer_52",7667349,7667392,43,0.26745028048076
